Full Path,Name,Date,URL,Last Updated,Description,Size
Arduino2to3/連接圖片壓縮,連接圖片壓縮,12/12/2019 20:21:11,https://drive.google.com/drive/folders/1XBMDb0ySgvD2CW6ef1mqz8tgOG77NaeR,12/12/2019 20:21:11,,0
Arduino2to3/連接圖片壓縮/圖片1.png,圖片1.png,24/12/2019 18:50:56,https://drive.google.com/file/d/1seJJQrRmaGBvXbignmp1eEtWxbrr-trL/view?usp=drivesdk,24/12/2019 18:50:56,,1552771
Arduino2to3/連接圖片壓縮/圖片2.png,圖片2.png,24/12/2019 18:50:46,https://drive.google.com/file/d/1h5wSbgVO2C7OSZVk6Zt2ilsivsBnDkiL/view?usp=drivesdk,24/12/2019 18:50:46,,1585579
Arduino2to3/連接圖片壓縮/A0與RGB腳位.jpg,A0與RGB腳位.jpg,12/12/2019 21:20:32,https://drive.google.com/file/d/1LWscve3ZfLPAJQfQHwva9dJLv5ST5Pt4/view?usp=drivesdk,12/12/2019 21:21:30,,849836
Arduino2to3/連接圖片壓縮/IMG_0878.HEIC,IMG_0878.HEIC,12/12/2019 21:18:45,https://drive.google.com/file/d/1BB9qIlJ7YQ-iEGJ2iJfxeBChLiB9Q4SC/view?usp=drivesdk,12/12/2019 21:18:45,,600631
Arduino2to3/連接圖片壓縮/紅綠燈與旋轉電阻.jpg,紅綠燈與旋轉電阻.jpg,12/12/2019 20:21:39,https://drive.google.com/file/d/117NNsJVNAsDIr6s_r8RDl_3ii5_kWgKS/view?usp=drivesdk,12/12/2019 20:21:39,,52450
Arduino2to3/連接圖片壓縮/蜂鳴器.jpg,蜂鳴器.jpg,12/12/2019 20:21:39,https://drive.google.com/file/d/1ifYR1zMzwzWllCZBGYVmfDnmEslTlx3x/view?usp=drivesdk,12/12/2019 20:21:39,,40346
Arduino2to3/連接圖片壓縮/溫度感測.jpg,溫度感測.jpg,12/12/2019 20:21:36,https://drive.google.com/file/d/1YV6CsX6xxY_Qf9ltL6iHK7CNnR5iwR1e/view?usp=drivesdk,12/12/2019 20:21:36,,40815
Arduino2to3/連接圖片壓縮/溫度與蜂鳴.jpg,溫度與蜂鳴.jpg,12/12/2019 20:21:36,https://drive.google.com/file/d/1eKa4N-EfP9EOMG-xz03qbr2up9qfmkLp/view?usp=drivesdk,12/12/2019 20:21:36,,44914
Arduino2to3/連接圖片壓縮/滾動與蜂鳴.jpg,滾動與蜂鳴.jpg,12/12/2019 20:21:36,https://drive.google.com/file/d/1kCJOWf7KRMLHQhj1gJoNdT99qigD6kPJ/view?usp=drivesdk,12/12/2019 20:21:36,,47121
Arduino2to3/連接圖片壓縮/滾動開關.jpg,滾動開關.jpg,12/12/2019 20:21:36,https://drive.google.com/file/d/1oiCawMIrKuSzR8JSqQ-DzqKka9jzK_sI/view?usp=drivesdk,12/12/2019 20:21:36,,39989
Arduino2to3/連接圖片壓縮/紅綠燈LED.jpg,紅綠燈LED.jpg,12/12/2019 20:21:36,https://drive.google.com/file/d/1zCTln3B-pKVRSJN1xu642xmrSkLkH7jm/view?usp=drivesdk,12/12/2019 20:21:36,,49308
Arduino2to3/連接圖片壓縮/旋轉電阻.jpg,旋轉電阻.jpg,12/12/2019 20:21:34,https://drive.google.com/file/d/1EOMS90-P0Ob5BWft9UG0-rjWF9uU9tT0/view?usp=drivesdk,12/12/2019 20:21:34,,47693
Arduino2to3/連接圖片壓縮/RGB與D3腳位.jpg,RGB與D3腳位.jpg,12/12/2019 20:21:30,https://drive.google.com/file/d/1AzLoWwHmc51k5fGpJQOe04twmkYb0sqQ/view?usp=drivesdk,12/12/2019 20:21:30,,87811
Arduino2to3/連接圖片壓縮/按鈕開關.jpg,按鈕開關.jpg,12/12/2019 20:21:30,https://drive.google.com/file/d/1ctOPeTb8LafvdaskCVHhCZcSFY4hVo5Z/view?usp=drivesdk,12/12/2019 20:21:30,,40197
Arduino2to3/連接圖片壓縮/微動開關.jpg,微動開關.jpg,12/12/2019 20:21:30,https://drive.google.com/file/d/1f9sAmTqfhHtIFK2jsJoAzf5Red9MJSl1/view?usp=drivesdk,12/12/2019 20:21:30,,43976
Arduino2to3/連接圖片壓縮/按鈕與紅綠燈LED.jpg,按鈕與紅綠燈LED.jpg,12/12/2019 20:21:30,https://drive.google.com/file/d/1fmjMJY76qVfUjlJYgXJAuhMzNPzIHTZ3/view?usp=drivesdk,12/12/2019 20:21:30,,13050
Arduino2to3/連接圖片壓縮/反射與蜂鳴.jpg,反射與蜂鳴.jpg,12/12/2019 20:21:27,https://drive.google.com/file/d/15t1kCAZeDo3RB5uhfFakl2sgZ4MRtsg4/view?usp=drivesdk,12/12/2019 20:21:27,,46447
Arduino2to3/連接圖片壓縮/反射光電趕測模組 .jpg,反射光電趕測模組 .jpg,12/12/2019 20:21:27,https://drive.google.com/file/d/18Pj6_HanS1RHsWyxPloaG-7YzIIYgeIB/view?usp=drivesdk,12/12/2019 20:21:27,,7758
Arduino2to3/連接圖片壓縮/全彩LED.jpg,全彩LED.jpg,12/12/2019 20:21:27,https://drive.google.com/file/d/1AjqhIDkvHmdIXsh7VC_6ctYnULCvmT7a/view?usp=drivesdk,12/12/2019 20:21:27,,47837
Arduino2to3/連接圖片壓縮/XY雙軸搖桿.jpg,XY雙軸搖桿.jpg,12/12/2019 20:21:27,https://drive.google.com/file/d/1Cuplc3O7nTus8pF_mAXX16vzA-S_Xhmr/view?usp=drivesdk,12/12/2019 20:21:27,,43614
Arduino2to3/連接圖片壓縮/微動與蜂鳴.jpg,微動與蜂鳴.jpg,12/12/2019 20:21:27,https://drive.google.com/file/d/1wLRYZvCdVL_C4XxALPTq8_ru93Qq4fVH/view?usp=drivesdk,12/12/2019 20:21:27,,49773
Arduino2to3/連接圖片壓縮/光敏電阻.jpg,光敏電阻.jpg,12/12/2019 20:21:25,https://drive.google.com/file/d/1roVCliTGEqYc_R6I_xyBPzdsSS6DnLYw/view?usp=drivesdk,12/12/2019 20:21:25,,47067
Arduino2to3/連接圖片壓縮/D9腳位.jpg,D9腳位.jpg,12/12/2019 20:21:23,https://drive.google.com/file/d/101ar9G98WT_2oc25Vd_WVe_-A1Mt9sDC/view?usp=drivesdk,12/12/2019 20:21:23,,90615
Arduino2to3/連接圖片壓縮/JOY腳位.jpg,JOY腳位.jpg,12/12/2019 20:21:23,https://drive.google.com/file/d/1nKkwePSkOS-DornfPlWKP61OyGpW7iGY/view?usp=drivesdk,12/12/2019 20:21:23,,81820
Arduino2to3/連接圖片壓縮/RGB腳位.jpg,RGB腳位.jpg,12/12/2019 20:21:23,https://drive.google.com/file/d/1zazXU5UN4sUDUUnkQMkH6IR0xo4Ls4LS/view?usp=drivesdk,12/12/2019 20:21:23,,83793
Arduino2to3/連接圖片壓縮/A0腳位.jpg,A0腳位.jpg,12/12/2019 20:21:17,https://drive.google.com/file/d/12U906bIMoRSBpIk0RbQBl4bNUekJmOQ8/view?usp=drivesdk,12/12/2019 20:21:17,,85323
Arduino2to3/連接圖片壓縮/D3與D9腳位.jpg,D3與D9腳位.jpg,12/12/2019 20:21:17,https://drive.google.com/file/d/17ofq0Xou4AEBBEPOs7iaH8Dbt4XDQimW/view?usp=drivesdk,12/12/2019 20:21:17,,89877
Arduino2to3/連接圖片壓縮/A0與RGB腳位.jpg,A0與RGB腳位.jpg,12/12/2019 20:21:17,https://drive.google.com/file/d/1UrxA7hKsHtdZIdkvCrUui9v_HqyFDcA_/view?usp=drivesdk,12/12/2019 20:21:17,,89397
Arduino2to3/連接圖片壓縮/D3腳位.jpg,D3腳位.jpg,12/12/2019 20:21:17,https://drive.google.com/file/d/1Zgw13vHFKIi8JwwWuBaHNyuEfaOtc1K-/view?usp=drivesdk,12/12/2019 20:21:17,,90236
Arduino2to3/連接圖片壓縮/A0與D9腳位2.jpg,A0與D9腳位2.jpg,12/12/2019 20:21:17,https://drive.google.com/file/d/1bRR8g5iJRl1P3_7O_b2RaQIZ5Z0j7Nl5/view?usp=drivesdk,12/12/2019 20:21:17,,88007
Arduino2to3/連接圖片壓縮/A0與D9腳位.jpg,A0與D9腳位.jpg,12/12/2019 20:21:17,https://drive.google.com/file/d/1eGfX8GS2ap4gqjg_x4fF22YUf3VdivIX/view?usp=drivesdk,12/12/2019 20:21:17,,80551
Arduino2to3/連接圖片壓縮/A0腳位 (2).jpg,A0腳位 (2).jpg,12/12/2019 20:21:14,https://drive.google.com/file/d/1eFhepKqrwQI9bcsLOBVdGbW_qLSg_vwG/view?usp=drivesdk,12/12/2019 20:21:14,,69526
Arduino2to3/連接圖片_435大小JPG檔,連接圖片_435大小JPG檔,12/12/2019 14:53:29,https://drive.google.com/drive/folders/102ckFtkdDyj5YklR8Rwkrf88xBaQ71Q7,12/12/2019 15:33:40,,0
Arduino2to3/連接圖片_435大小JPG檔/XY雙軸搖桿.jpg,XY雙軸搖桿.jpg,12/12/2019 14:53:58,https://drive.google.com/file/d/17DKZz1Rpa1JPax2ijLB-xmMqlw-iPG3y/view?usp=drivesdk,12/12/2019 16:21:26,,26617
Arduino2to3/連接圖片_435大小JPG檔/按鈕與紅綠燈LED.jpg,按鈕與紅綠燈LED.jpg,12/12/2019 14:53:51,https://drive.google.com/file/d/1FpYufS91kp4svB1jnyuhqcRRSQS5Glfc/view?usp=drivesdk,12/12/2019 15:04:19,,58620
Arduino2to3/連接圖片_435大小JPG檔/D9腳位.jpg,D9腳位.jpg,12/12/2019 14:53:51,https://drive.google.com/file/d/1QJEVHzfIYRf_8fP-qhexyqUgcmqy2rCd/view?usp=drivesdk,12/12/2019 15:03:39,,61984
Arduino2to3/連接圖片_435大小JPG檔/RGB腳位.jpg,RGB腳位.jpg,12/12/2019 14:53:54,https://drive.google.com/file/d/1ZpOc-S-qkI1XSS8MXXGCIOD7Gr53Ishk/view?usp=drivesdk,12/12/2019 15:03:29,,56091
Arduino2to3/連接圖片_435大小JPG檔/紅綠燈LED.jpg,紅綠燈LED.jpg,12/12/2019 14:53:54,https://drive.google.com/file/d/1f7zZPmTvBvhC182DoqeJDknHuCGZ-W_m/view?usp=drivesdk,12/12/2019 15:03:22,,19606
Arduino2to3/連接圖片_435大小JPG檔/全彩LED.jpg,全彩LED.jpg,12/12/2019 14:53:54,https://drive.google.com/file/d/1GS3bHNZBGkYA3GTfHYOrt-RNZ2m5q6ee/view?usp=drivesdk,12/12/2019 15:03:16,,18858
Arduino2to3/連接圖片_435大小JPG檔/蜂鳴器.jpg,蜂鳴器.jpg,12/12/2019 14:53:54,https://drive.google.com/file/d/1zVGEYrBWttltgMvhBTE13rVFPdorJvFX/view?usp=drivesdk,12/12/2019 15:03:02,,22249
Arduino2to3/連接圖片_435大小JPG檔/RGB與D3腳位.jpg,RGB與D3腳位.jpg,12/12/2019 14:53:51,https://drive.google.com/file/d/1uDjFODpDk7p1pq8hCI_wIMMGNCEc5QKr/view?usp=drivesdk,12/12/2019 15:02:56,,59997
Arduino2to3/連接圖片_435大小JPG檔/按鈕開關.jpg,按鈕開關.jpg,12/12/2019 14:53:49,https://drive.google.com/file/d/1QUdsjoys4xedQMNAUjuh_nE21AHQ8Ch2/view?usp=drivesdk,12/12/2019 15:02:42,,22466
Arduino2to3/連接圖片_435大小JPG檔/滾動與蜂鳴.jpg,滾動與蜂鳴.jpg,12/12/2019 14:53:49,https://drive.google.com/file/d/1rahMvfXeFgsaPO3TSMf2z4GXSRjDXAAY/view?usp=drivesdk,12/12/2019 15:02:35,,28945
Arduino2to3/連接圖片_435大小JPG檔/滾動開關.jpg,滾動開關.jpg,12/12/2019 14:53:44,https://drive.google.com/file/d/1gAAl7PfHt3DdNQCHtqp5tZ6KPul_yRN4/view?usp=drivesdk,12/12/2019 15:02:27,,24666
Arduino2to3/連接圖片_435大小JPG檔/微動與蜂鳴.jpg,微動與蜂鳴.jpg,12/12/2019 14:53:44,https://drive.google.com/file/d/1dd5xbL4tMZ50QYVnJSa4baM8vj_kSFpr/view?usp=drivesdk,12/12/2019 15:02:13,,29098
Arduino2to3/連接圖片_435大小JPG檔/D3與D9腳位.jpg,D3與D9腳位.jpg,12/12/2019 14:53:44,https://drive.google.com/file/d/1e1Z5gKyQXslyVTGvC0VCk8dC_SV2LimM/view?usp=drivesdk,12/12/2019 15:02:04,,60728
Arduino2to3/連接圖片_435大小JPG檔/微動開關.jpg,微動開關.jpg,12/12/2019 14:53:44,https://drive.google.com/file/d/1WSdVrtqFHqrBtBCynNBExtJXKAtn9Krn/view?usp=drivesdk,12/12/2019 15:01:51,,26402
Arduino2to3/連接圖片_435大小JPG檔/D3腳位.jpg,D3腳位.jpg,12/12/2019 14:53:40,https://drive.google.com/file/d/1gWvUXdFAIWPq-_oW89UhDmGqT33WCWwd/view?usp=drivesdk,12/12/2019 15:01:45,,61678
Arduino2to3/連接圖片_435大小JPG檔/紅綠燈與旋轉電阻.jpg,紅綠燈與旋轉電阻.jpg,12/12/2019 14:53:40,https://drive.google.com/file/d/1vUkJZz_jYCBssqgbULUMD2gqEH6k_Dhp/view?usp=drivesdk,12/12/2019 15:01:37,,31505
Arduino2to3/連接圖片_435大小JPG檔/A0與RGB腳位.jpg,A0與RGB腳位.jpg,12/12/2019 14:53:40,https://drive.google.com/file/d/1P8Hy6sXn4HqheRhoe6HxuWcVnMOrPmQQ/view?usp=drivesdk,12/12/2019 15:01:28,,60757
Arduino2to3/連接圖片_435大小JPG檔/旋轉電阻.jpg,旋轉電阻.jpg,12/12/2019 14:53:40,https://drive.google.com/file/d/1SOBjWFRQE6sUbs49vuLf0F73fFYN1L2X/view?usp=drivesdk,12/12/2019 15:01:15,,19008
Arduino2to3/連接圖片_435大小JPG檔/光敏電阻.jpg,光敏電阻.jpg,12/12/2019 14:53:40,https://drive.google.com/file/d/1RymiFsvcEjBIe2mANDSzAbRWs2E_EDrb/view?usp=drivesdk,12/12/2019 15:01:08,,18196
Arduino2to3/連接圖片_435大小JPG檔/溫度與蜂鳴.jpg,溫度與蜂鳴.jpg,12/12/2019 14:53:38,https://drive.google.com/file/d/1pLic0r9Uy2fOyyn5V-QIZDrdR7JxRbTr/view?usp=drivesdk,12/12/2019 15:00:46,,25887
Arduino2to3/連接圖片_435大小JPG檔/A0與D9腳位2.jpg,A0與D9腳位2.jpg,12/12/2019 14:54:05,https://drive.google.com/file/d/1iuT2kjx7Q0hOfhjpQvcRPM_vV31d1_wc/view?usp=drivesdk,12/12/2019 15:00:37,,59583
Arduino2to3/連接圖片_435大小JPG檔/A0腳位.jpg,A0腳位.jpg,12/12/2019 14:54:05,https://drive.google.com/file/d/1SmUiggsVdKSG0wNUH5nWBSkXT5-s3TDg/view?usp=drivesdk,12/12/2019 15:00:20,,58036
Arduino2to3/連接圖片_435大小JPG檔/溫度感測.jpg,溫度感測.jpg,12/12/2019 14:54:05,https://drive.google.com/file/d/1hyscp-s5mgI4b2VGJfGYTEYRzSxjB0MF/view?usp=drivesdk,12/12/2019 15:00:12,,24131
Arduino2to3/連接圖片_435大小JPG檔/反射與蜂鳴.jpg,反射與蜂鳴.jpg,12/12/2019 14:54:01,https://drive.google.com/file/d/1Y6LFZn_yXZ8Acy3QB672kwv0Z1m5_WS6/view?usp=drivesdk,12/12/2019 14:59:58,,25307
Arduino2to3/連接圖片_435大小JPG檔/A0與D9腳位.jpg,A0與D9腳位.jpg,12/12/2019 14:54:01,https://drive.google.com/file/d/1JMbBd43xqqNN7BFjypDa0r1AbQPx8V2-/view?usp=drivesdk,12/12/2019 14:59:48,,52445
Arduino2to3/連接圖片_435大小JPG檔/反射光電趕測模組.jpg,反射光電趕測模組.jpg,12/12/2019 14:54:01,https://drive.google.com/file/d/1B2AqO6WPG10xNZwf7FeTl1CZn4VAsplz/view?usp=drivesdk,12/12/2019 14:59:28,,45673
Arduino2to3/連接圖片_435大小JPG檔/A0腳位.jpg,A0腳位.jpg,12/12/2019 14:54:01,https://drive.google.com/file/d/19n6mCEAptXzZ8blsRmgI9wo52MFUs5Ms/view?usp=drivesdk,12/12/2019 14:58:46,,44704
Arduino2to3/連接圖片_435大小JPG檔/JOY腳位.jpg,JOY腳位.jpg,12/12/2019 14:53:47,https://drive.google.com/file/d/16NOxiUOqC6UsV1YhjUzNXk0XOEmqyEIC/view?usp=drivesdk,12/12/2019 14:58:29,,54414
Arduino2to3/連接圖片,連接圖片,04/12/2019 15:15:22,https://drive.google.com/drive/folders/1-7ZlVBOHWq1DTHFMF3wHqvVvavymfqB3,04/12/2019 15:15:22,,0
Arduino2to3/連接圖片/IMG_0842.HEIC,IMG_0842.HEIC,12/12/2019 14:34:49,https://drive.google.com/file/d/1vGtF1Bx6ClgzEaIyXI9mRw6PLSKrKZcl/view?usp=drivesdk,12/12/2019 14:34:49,,639687
Arduino2to3/連接圖片/IMG_0840.HEIC,IMG_0840.HEIC,12/12/2019 14:34:45,https://drive.google.com/file/d/1DzXlv_cZPz_RYlotHNp5vhmSr2ogAF8F/view?usp=drivesdk,12/12/2019 14:34:45,,626731
Arduino2to3/連接圖片/IMG_0862.HEIC,IMG_0862.HEIC,12/12/2019 14:34:41,https://drive.google.com/file/d/1IIfL8tc18t7u5gBC4c58_8Mz3nkeezhJ/view?usp=drivesdk,12/12/2019 14:34:41,,609646
Arduino2to3/連接圖片/IMG_0871.HEIC,IMG_0871.HEIC,12/12/2019 14:34:37,https://drive.google.com/file/d/1PJjvb0krnADIaKnRopb8_3_dh5TKmRDl/view?usp=drivesdk,12/12/2019 14:34:37,,601259
Arduino2to3/連接圖片/IMG_0864.HEIC,IMG_0864.HEIC,12/12/2019 14:33:44,https://drive.google.com/file/d/1XG6BdOkr4T1jnV3X25Ny3qISGfeqN-4m/view?usp=drivesdk,12/12/2019 14:33:44,,598553
Arduino2to3/連接圖片/IMG_0873.HEIC,IMG_0873.HEIC,12/12/2019 14:33:40,https://drive.google.com/file/d/1P4aHungATT156LaEYG8qqHE-9SZk3jpf/view?usp=drivesdk,12/12/2019 14:33:40,,596312
Arduino2to3/連接圖片/IMG_0866.HEIC,IMG_0866.HEIC,12/12/2019 14:33:35,https://drive.google.com/file/d/1IR4nosoYvAzQiGI3UmiGRTHfOWml4uxG/view?usp=drivesdk,12/12/2019 14:33:35,,591242
Arduino2to3/連接圖片/IMG_0856.HEIC,IMG_0856.HEIC,12/12/2019 14:33:31,https://drive.google.com/file/d/1N3xrJDZkdOM4ei3L69TQni3MmhXC-VJp/view?usp=drivesdk,12/12/2019 14:33:31,,587400
Arduino2to3/連接圖片/IMG_0857.HEIC,IMG_0857.HEIC,12/12/2019 14:33:25,https://drive.google.com/file/d/12wG9pIva7E9v7dHvyaXEHnTAVtBmLxxe/view?usp=drivesdk,12/12/2019 14:33:25,,570966
Arduino2to3/連接圖片/IMG_0875.HEIC,IMG_0875.HEIC,12/12/2019 14:33:13,https://drive.google.com/file/d/1EKBECpCapWQxb7EnLF92R7dVrHtGs89i/view?usp=drivesdk,12/12/2019 14:33:13,,552966
Arduino2to3/連接圖片/IMG_0841.HEIC,IMG_0841.HEIC,12/12/2019 14:33:09,https://drive.google.com/file/d/1ObpUfIcI0vYXhG-G_3metgOCwHyR3j0A/view?usp=drivesdk,12/12/2019 14:33:09,,441087
Arduino2to3/連接圖片/IMG_0843.HEIC,IMG_0843.HEIC,12/12/2019 14:33:05,https://drive.google.com/file/d/1qMRzdQ5ror8fbjkD8FVIdvphtqvzE-Ne/view?usp=drivesdk,12/12/2019 14:33:05,,423647
Arduino2to3/連接圖片/IMG_0872.HEIC,IMG_0872.HEIC,12/12/2019 14:33:01,https://drive.google.com/file/d/1oHSUaopR8zLVorsNHNrYfdZf9lPxMY7S/view?usp=drivesdk,12/12/2019 14:33:01,,365344
Arduino2to3/連接圖片/IMG_0863.HEIC,IMG_0863.HEIC,12/12/2019 14:32:57,https://drive.google.com/file/d/1bjvbKpbwLRgVKTBqtNY2Xs-TgTIoTnW7/view?usp=drivesdk,12/12/2019 14:32:57,,356103
Arduino2to3/連接圖片/IMG_0877.HEIC,IMG_0877.HEIC,12/12/2019 14:32:53,https://drive.google.com/file/d/1nYjafbUK6aiCl3XPpcJXwcJKjdkUtCYX/view?usp=drivesdk,12/12/2019 14:32:53,,354476
Arduino2to3/連接圖片/IMG_0861.HEIC,IMG_0861.HEIC,12/12/2019 14:32:48,https://drive.google.com/file/d/1QgyHvorgYasJcKg3NvNdcv8TgkdZNGTb/view?usp=drivesdk,12/12/2019 14:32:48,,347670
Arduino2to3/連接圖片/IMG_0860.HEIC,IMG_0860.HEIC,12/12/2019 14:32:44,https://drive.google.com/file/d/1QTQR6vlo5J4eIc6gZup7Ftpk2R00lNL3/view?usp=drivesdk,12/12/2019 14:32:44,,344918
Arduino2to3/連接圖片/IMG_0876.HEIC,IMG_0876.HEIC,12/12/2019 14:32:40,https://drive.google.com/file/d/1e95digxo4-4etOZIxnd7RIcIooPNa3PG/view?usp=drivesdk,12/12/2019 14:32:40,,343952
Arduino2to3/連接圖片/IMG_0865.HEIC,IMG_0865.HEIC,12/12/2019 14:32:36,https://drive.google.com/file/d/1D2fv_8WO4E_NQYQE8Rd9aoj9FH23SzNg/view?usp=drivesdk,12/12/2019 14:32:36,,334876
Arduino2to3/連接圖片/IMG_0867.HEIC,IMG_0867.HEIC,12/12/2019 14:32:32,https://drive.google.com/file/d/1tx8az64tXV0gvqyCnoJrl67_4MSXQHpd/view?usp=drivesdk,12/12/2019 14:32:32,,333560
Arduino2to3/連接圖片/IMG_0858.HEIC,IMG_0858.HEIC,12/12/2019 14:32:28,https://drive.google.com/file/d/1U9nwViJk-hOTjdSZAPpviviHieNZm1ya/view?usp=drivesdk,12/12/2019 14:32:28,,319455
Arduino2to3/連接圖片/IMG_0839.HEIC,IMG_0839.HEIC,12/12/2019 14:32:23,https://drive.google.com/file/d/13fcByWLttmp_F29Cu-quURL-Zz2oAjY7/view?usp=drivesdk,12/12/2019 14:32:23,,314497
Arduino2to3/連接圖片/IMG_0869.HEIC,IMG_0869.HEIC,12/12/2019 14:32:19,https://drive.google.com/file/d/1oU-1u4nYZsP5oxehKBCPYdJdd36JF9Ts/view?usp=drivesdk,12/12/2019 14:32:19,,310380
Arduino2to3/連接圖片/IMG_0853.HEIC,IMG_0853.HEIC,12/12/2019 14:32:16,https://drive.google.com/file/d/1FN5ob_m2FuBdM9WCyrXB_fxC06oAjIKn/view?usp=drivesdk,12/12/2019 14:32:16,,307771
Arduino2to3/連接圖片/IMG_0874.HEIC,IMG_0874.HEIC,12/12/2019 14:32:12,https://drive.google.com/file/d/1PX7FtYNX2k9kuccQd1He3zmJjGwIlMy6/view?usp=drivesdk,12/12/2019 14:32:12,,306512
Arduino2to3/連接圖片/IMG_0868.HEIC,IMG_0868.HEIC,12/12/2019 14:32:06,https://drive.google.com/file/d/1gTwHcsV3r_kaIOWeMLeu6ocKpc_PF8gA/view?usp=drivesdk,12/12/2019 14:32:06,,301022
Arduino2to3/連接圖片/IMG_0854.HEIC,IMG_0854.HEIC,12/12/2019 14:32:03,https://drive.google.com/file/d/1huD6pWzBpgnjCcA3eu0EZqJH-2MwsTzu/view?usp=drivesdk,12/12/2019 14:32:03,,298602
Arduino2to3/連接圖片/IMG_0870.HEIC,IMG_0870.HEIC,12/12/2019 14:31:58,https://drive.google.com/file/d/1dtrq_Nq45_3s08FsPedF6VfyBvrXeQ4a/view?usp=drivesdk,12/12/2019 14:31:58,,297335
Arduino2to3/連接圖片/IMG_0838.HEIC,IMG_0838.HEIC,12/12/2019 14:31:53,https://drive.google.com/file/d/1AnB2e014c7pWv-dD1tgrqxhp2J9jv6AM/view?usp=drivesdk,12/12/2019 14:31:53,,533963
Arduino2to3/連接圖片/IMG_0802.HEIC,IMG_0802.HEIC,04/12/2019 15:15:57,https://drive.google.com/file/d/1Bh-rAiYe9VSjvHYOAGDTM2OMo7W2ZO-L/view?usp=drivesdk,04/12/2019 15:15:57,,780586
Arduino2to3/連接圖片/IMG_0803.HEIC,IMG_0803.HEIC,04/12/2019 15:15:52,https://drive.google.com/file/d/1L9HjikTEWcG9YsGK4nmEttkucUGYlTea/view?usp=drivesdk,04/12/2019 15:15:52,,1103247
Arduino2to3/匯入檔案流程,匯入檔案流程,24/11/2019 22:26:38,https://drive.google.com/drive/folders/1gGDtQn5F3YGCu66zMD3dDOJzULmBl58t,24/11/2019 22:26:38,,0
Arduino2to3/匯入檔案流程/scratch_cat.jpg,scratch_cat.jpg,26/11/2019 14:42:35,https://drive.google.com/file/d/19CTcZYHivJt1Imd2orOZ0adMuRVkw8MB/view?usp=drivesdk,26/11/2019 14:42:46,,38362
Arduino2to3/匯入檔案流程/匯入檔案公版.png,匯入檔案公版.png,24/11/2019 22:56:13,https://drive.google.com/file/d/1h6KcIRaUu_DtCwqTlbD-_8MV3yH7dYld/view?usp=drivesdk,24/11/2019 22:56:13,,767808
Arduino2to3/匯入檔案流程/IMG_0749.PNG,IMG_0749.PNG,24/11/2019 22:42:24,https://drive.google.com/file/d/1pxLhzrjXJHu5FllFNRqs0HbuXNra7F3U/view?usp=drivesdk,24/11/2019 22:42:24,,767808
Arduino2to3/15-3,15-3,07/11/2019 14:19:26,https://drive.google.com/drive/folders/1iEzsVs7tflxwspSCN-Oa3Xu7HUwMXkQO,07/11/2019 14:19:26,,0
Arduino2to3/15-3/15-3-1.jpg,15-3-1.jpg,07/11/2019 14:19:37,https://drive.google.com/file/d/1eXxrGi3jcxO88tnwD1_voLiso4Nee4na/view?usp=drivesdk,07/11/2019 14:19:37,,45675
Arduino2to3/15-2,15-2,07/11/2019 14:03:19,https://drive.google.com/drive/folders/1AlDh0Eabd23djQualki_0p1sdZZ8Q_-_,07/11/2019 14:03:19,,0
Arduino2to3/15-2/15-2-1.png,15-2-1.png,07/11/2019 14:03:29,https://drive.google.com/file/d/12S2dKWBqIm_FpionMM2ntDWPlx550bGK/view?usp=drivesdk,07/11/2019 14:03:29,,7401
Arduino2to3/15-1,15-1,07/11/2019 13:55:14,https://drive.google.com/drive/folders/1xOQwmXi4jbNY06lDOGE0impT09c6jz5p,07/11/2019 13:55:14,,0
Arduino2to3/15-1/15-1-5.png,15-1-5.png,16/11/2019 21:24:59,https://drive.google.com/file/d/1ZpMTOlCWR6mJXYskwbPPOgjR0pPK8JqJ/view?usp=drivesdk,16/11/2019 21:24:59,,1225031
Arduino2to3/15-1/15-1-1.png,15-1-1.png,07/11/2019 13:56:10,https://drive.google.com/file/d/1hVIWhuGY9XyRKJ9Y5MRPx5yuXLZGDhWY/view?usp=drivesdk,07/11/2019 13:56:10,,1369814
Arduino2to3/15-1/15-1-2.png,15-1-2.png,07/11/2019 13:56:06,https://drive.google.com/file/d/1c9yl-6QW111tQTlAiXyDIfHlqGLXmTKi/view?usp=drivesdk,07/11/2019 13:56:06,,276328
Arduino2to3/15-1/15-1-4.png,15-1-4.png,07/11/2019 13:56:04,https://drive.google.com/file/d/1KDnllMQvVBhGV2j9LC4U7_B6RJAxunaZ/view?usp=drivesdk,07/11/2019 13:56:04,,101451
Arduino2to3/15-1/15-1-3.png,15-1-3.png,07/11/2019 13:56:02,https://drive.google.com/file/d/1yD53Cs6KoOhg1bdFI-l2RENKSn27hyU_/view?usp=drivesdk,07/11/2019 13:56:02,,37553
Arduino2to3/14-3,14-3,07/11/2019 13:31:07,https://drive.google.com/drive/folders/1sNezhaWQrhu1p7ggVIZwEm6ueXHzw3Rh,07/11/2019 13:31:07,,0
Arduino2to3/14-3/14-3-2-4.png,14-3-2-4.png,29/11/2019 14:55:48,https://drive.google.com/file/d/1A1Gc884bcgqoAHfIIDdlCPrYHQV0T2Yd/view?usp=drivesdk,29/11/2019 15:39:19,,32623
Arduino2to3/14-3/14-3-2-3.png,14-3-2-3.png,29/11/2019 15:36:56,https://drive.google.com/file/d/1jRd8L06fWwt9rb3cCwfJ46cagjnYVOBk/view?usp=drivesdk,29/11/2019 15:39:05,,326035
Arduino2to3/14-3/14-3-2-1.png,14-3-2-1.png,29/11/2019 14:51:24,https://drive.google.com/file/d/1QZgjxZMSfKtTgzoaM_zaOGlhjkA8Q7Pb/view?usp=drivesdk,29/11/2019 15:38:48,,43730
Arduino2to3/14-3/14-3-6.png,14-3-6.png,16/11/2019 21:22:06,https://drive.google.com/file/d/1mfUlU9Or29x-hdMNxkg9nwgwzTcUm4v4/view?usp=drivesdk,16/11/2019 21:22:06,,1249390
Arduino2to3/14-3/1573105296712.jpg,1573105296712.jpg,07/11/2019 13:42:42,https://drive.google.com/file/d/17Mkf8GqFY25b0uhDt-g4bJYe5XDsYjls/view?usp=drivesdk,07/11/2019 13:42:42,,57662
Arduino2to3/14-3/14-3-3.png,14-3-3.png,07/11/2019 13:31:23,https://drive.google.com/file/d/1v7BMnnDAfIhNOmLKMvC6ZpgXAnC-HKXA/view?usp=drivesdk,07/11/2019 13:31:23,,291887
Arduino2to3/14-3/14-3-1.png,14-3-1.png,07/11/2019 13:31:20,https://drive.google.com/file/d/1-UWXGrlYKZ6ZinxaOPGPorXIFhhQV0wU/view?usp=drivesdk,07/11/2019 13:31:20,,69839
Arduino2to3/14-3/14-3-4.png,14-3-4.png,07/11/2019 13:31:20,https://drive.google.com/file/d/1YoRYLd9EGfN8_kpKTM9722o9E20L9IPR/view?usp=drivesdk,07/11/2019 13:31:20,,192160
Arduino2to3/14-3/14-3-2.png,14-3-2.png,07/11/2019 13:31:20,https://drive.google.com/file/d/1b0hpxLO3Yt0Dq7HpNs72BmMOaMJDwXBD/view?usp=drivesdk,07/11/2019 13:31:20,,46756
Arduino2to3/14-3/14-3-5.png,14-3-5.png,07/11/2019 13:31:19,https://drive.google.com/file/d/1DQNDgfJuMzO7LqIg6WajReq5ONzk3cu3/view?usp=drivesdk,07/11/2019 13:31:19,,55914
Arduino2to3/14-2,14-2,07/11/2019 13:19:23,https://drive.google.com/drive/folders/1YRGryOCeBNlseRJvMsyclaDfVORRdNQi,07/11/2019 13:19:23,,0
Arduino2to3/14-2/14-2-1.png,14-2-1.png,07/11/2019 13:19:29,https://drive.google.com/file/d/1ZMndwWhS53j7o-Myi8Ererw74QUc-K1i/view?usp=drivesdk,07/11/2019 13:19:29,,4275
Arduino2to3/14-1,14-1,07/11/2019 13:12:26,https://drive.google.com/drive/folders/11pK1hVu3k5N0CZmnXDjjTb6YYR-tmJNf,07/11/2019 13:12:26,,0
Arduino2to3/14-1/14-1-4.png,14-1-4.png,16/11/2019 21:18:16,https://drive.google.com/file/d/1sF0WhWuJDp34Nrmcq_cSmGfvBNPjD55s/view?usp=drivesdk,16/11/2019 21:18:16,,1249102
Arduino2to3/14-1/14-1-2.png,14-1-2.png,07/11/2019 13:12:42,https://drive.google.com/file/d/1OiWsOrbbSZ8qathdaHd2ES3ixwbXtd0i/view?usp=drivesdk,07/11/2019 13:12:42,,266147
Arduino2to3/14-1/14-1-1.png,14-1-1.png,07/11/2019 13:12:40,https://drive.google.com/file/d/124refpZ0yjB3BtcIdUaoHy47WfEE04Ax/view?usp=drivesdk,07/11/2019 13:12:40,,50441
Arduino2to3/14-1/14-1-3.png,14-1-3.png,07/11/2019 13:12:40,https://drive.google.com/file/d/19wC6aE29AqL9aAPKGIpKTWQnnCUwgM-x/view?usp=drivesdk,07/11/2019 13:12:40,,13291
Arduino2to3/13-3-,13-3-,06/11/2019 01:20:44,https://drive.google.com/drive/folders/1FmmN0jt4GLXBe7PgUfdBc8lzVffikcXt,06/11/2019 01:20:44,,0
Arduino2to3/13-3-/13-3-3.png,13-3-3.png,06/11/2019 01:21:01,https://drive.google.com/file/d/1QWMtNyStJTCRmLDNl5b8qDmg_JlLUU9b/view?usp=drivesdk,06/11/2019 01:21:01,,417913
Arduino2to3/13-3-/13-3-5.png,13-3-5.png,06/11/2019 01:20:59,https://drive.google.com/file/d/1W32MFRGwpUYwoK0ai2hhYdTpuZ-apHfJ/view?usp=drivesdk,06/11/2019 01:20:59,,351394
Arduino2to3/13-3-/13-3-1.png,13-3-1.png,06/11/2019 01:20:57,https://drive.google.com/file/d/1vQoqr2yGcMs27gVk_8ZDZeq9RbxPScDc/view?usp=drivesdk,06/11/2019 01:20:57,,233144
Arduino2to3/13-3-/13-3-2.png,13-3-2.png,06/11/2019 01:20:56,https://drive.google.com/file/d/1y2VSH-z1Bv1YYoLr3zLXfmIb-_XqRvjt/view?usp=drivesdk,06/11/2019 01:20:56,,68945
Arduino2to3/13-3-/13-3-4.png,13-3-4.png,06/11/2019 01:20:54,https://drive.google.com/file/d/1YU1CYIvSAyW5ktIrWhPhT_NrzEJgx75B/view?usp=drivesdk,06/11/2019 01:20:54,,102085
Arduino2to3/13-2,13-2,06/11/2019 00:49:10,https://drive.google.com/drive/folders/1kxF8WfrO6xWMQ1GS8O1EXb7u6uYd7BJ3,06/11/2019 00:49:10,,0
Arduino2to3/13-2/13-2-3.png,13-2-3.png,06/11/2019 01:05:05,https://drive.google.com/file/d/1NrJczGUSRApLQwNb7R0O2l-RA334bfDp/view?usp=drivesdk,06/11/2019 01:05:05,,356142
Arduino2to3/13-2/13-2-8.png,13-2-8.png,06/11/2019 01:05:05,https://drive.google.com/file/d/1q1ZEgd077dwhNuLFgKpLoxQ0-gfDqV31/view?usp=drivesdk,06/11/2019 01:05:05,,287523
Arduino2to3/13-2/13-2-5.png,13-2-5.png,06/11/2019 01:05:02,https://drive.google.com/file/d/1LsezFfHGdbcU66w0LqVsLHurRF3Z2yXI/view?usp=drivesdk,06/11/2019 01:05:02,,231987
Arduino2to3/13-2/13-2-4.png,13-2-4.png,06/11/2019 01:05:02,https://drive.google.com/file/d/1VWv_vhH2qkHnyDmTTS6cPjqYGkYUHF7S/view?usp=drivesdk,06/11/2019 01:05:02,,204441
Arduino2to3/13-2/13-2-6.png,13-2-6.png,06/11/2019 01:05:00,https://drive.google.com/file/d/1qNWCBRgFR7uhjQcJfyU_4xpZBZ59qJ0v/view?usp=drivesdk,06/11/2019 01:05:00,,225031
Arduino2to3/13-2/13-2-7.png,13-2-7.png,06/11/2019 01:04:58,https://drive.google.com/file/d/13CirooOAt-E-Xv-gzevgWMEcnQzEzg73/view?usp=drivesdk,06/11/2019 01:04:58,,171746
Arduino2to3/13-2/13-2-9.png,13-2-9.png,06/11/2019 01:04:56,https://drive.google.com/file/d/15vcULpx41ca3mpWiz7bjTAPTnClNPoE8/view?usp=drivesdk,06/11/2019 01:04:56,,189677
Arduino2to3/13-2/13-2-1.png,13-2-1.png,06/11/2019 00:49:55,https://drive.google.com/file/d/1KqoT0N1XDiyORD2hQ31-7pQ3DYDCut5f/view?usp=drivesdk,06/11/2019 00:49:55,,288115
Arduino2to3/13-2/13-2-2.png,13-2-2.png,06/11/2019 00:49:53,https://drive.google.com/file/d/1bzA2AsWdDyJRSF1SBzLPfuAmCr1jdrGa/view?usp=drivesdk,06/11/2019 00:49:53,,90518
Arduino2to3/13-1,13-1,05/11/2019 22:12:12,https://drive.google.com/drive/folders/16hHwBV_uQQM9i_IcN2x8fMr9CWG-3inc,05/11/2019 22:12:12,,0
Arduino2to3/13-1/13-1-4.png,13-1-4.png,16/11/2019 21:11:28,https://drive.google.com/file/d/1xPvATTmJ4Z8J2jqrJPGh0jws7jwfhf3U/view?usp=drivesdk,16/11/2019 21:11:28,,1244109
Arduino2to3/13-1/13-1-1.png,13-1-1.png,05/11/2019 22:12:50,https://drive.google.com/file/d/1NcKJPGMdVNmCBb2vRKF6yl5-ZU5RQxBR/view?usp=drivesdk,05/11/2019 22:12:50,,434364
Arduino2to3/13-1/13-1-2.png,13-1-2.png,05/11/2019 22:12:48,https://drive.google.com/file/d/1P9clyyg0sIxYix3Gj_3U_SChIZpg8Brp/view?usp=drivesdk,05/11/2019 22:12:48,,100476
Arduino2to3/13-1/13-1-3.jpg,13-1-3.jpg,05/11/2019 22:12:46,https://drive.google.com/file/d/1e3TtQeFjcd-SIIosHY1ioehG7DnA4xcC/view?usp=drivesdk,05/11/2019 22:12:46,,6125
Arduino2to3/12-3,12-3,05/11/2019 16:39:34,https://drive.google.com/drive/folders/1XoRVRhkqXLqbVMlohle7xNeVIceiOZjV,05/11/2019 16:39:34,,0
Arduino2to3/12-3/12-3-1.png,12-3-1.png,05/11/2019 16:39:52,https://drive.google.com/file/d/1NnvAwoN4bNpROxFSzD29UOJJ4aRxR1qk/view?usp=drivesdk,05/11/2019 16:39:52,,451980
Arduino2to3/12-3/12-3-2.png,12-3-2.png,05/11/2019 16:39:48,https://drive.google.com/file/d/1fOxPjrcJ7fGUIMYZ3hF1bj6a-hXjpUrQ/view?usp=drivesdk,05/11/2019 16:39:48,,417913
Arduino2to3/12-3/12-3-3.png,12-3-3.png,05/11/2019 16:39:46,https://drive.google.com/file/d/1YN6xhGmQzUuH_148pXzs5_L2adVooq_W/view?usp=drivesdk,05/11/2019 16:39:46,,321273
Arduino2to3/12-2,12-2,05/11/2019 16:24:27,https://drive.google.com/drive/folders/1_baPMAqjbqmLkplsX_JBHwh3zm4MR7sc,05/11/2019 16:24:27,,0
Arduino2to3/12-2/12-2-8.png,12-2-8.png,05/11/2019 16:30:15,https://drive.google.com/file/d/1fTB7nDQJt3_uCVC6b5rdaP4VPkxIg7Cw/view?usp=drivesdk,05/11/2019 16:30:15,,584861
Arduino2to3/12-2/12-2-6.png,12-2-6.png,05/11/2019 16:24:57,https://drive.google.com/file/d/1Kc2ZP5TGYOjfVqXNv0Lsrb5D3GKiXbDs/view?usp=drivesdk,05/11/2019 16:24:57,,858016
Arduino2to3/12-2/12-2-1.png,12-2-1.png,05/11/2019 16:24:51,https://drive.google.com/file/d/1NV0nbFwou9F6azwkePYWNfvjhedoNOrL/view?usp=drivesdk,05/11/2019 16:24:51,,589702
Arduino2to3/12-2/12-2-4.png,12-2-4.png,05/11/2019 16:24:47,https://drive.google.com/file/d/15FE5DJVJlBx5WA6Xsx8XxE1KHxisG4ZQ/view?usp=drivesdk,05/11/2019 16:24:47,,234913
Arduino2to3/12-2/12-2-5.png,12-2-5.png,05/11/2019 16:24:47,https://drive.google.com/file/d/1yNf2RxOadiTVd2pVrg9CllAFSji-vywA/view?usp=drivesdk,05/11/2019 16:24:47,,221849
Arduino2to3/12-2/12-2-3.png,12-2-3.png,05/11/2019 16:24:45,https://drive.google.com/file/d/1smjuWlpfWANGrBm8pLSzrW_RL1TBsbFe/view?usp=drivesdk,05/11/2019 16:24:45,,189709
Arduino2to3/12-2/12-2-2.png,12-2-2.png,05/11/2019 16:24:43,https://drive.google.com/file/d/1an6SRQ7IhWzNIVpGrBx30bQAdNxfruAa/view?usp=drivesdk,05/11/2019 16:24:43,,70210
Arduino2to3/12-2/12-2-7.png,12-2-7.png,05/11/2019 16:24:42,https://drive.google.com/file/d/1zw8PSZ1KRwnrlcYaRTIiEL0N0Uj4dZU4/view?usp=drivesdk,05/11/2019 16:24:42,,595731
Arduino2to3/12-1,12-1,05/11/2019 15:52:19,https://drive.google.com/drive/folders/1FpMeVpykn7HjDCHCYIZCdDyVDIu0yLKr,05/11/2019 15:52:19,,0
Arduino2to3/12-1/12-1-4.png,12-1-4.png,16/11/2019 20:48:35,https://drive.google.com/file/d/1jkPXgLrn_OygBk3dDBJY7YIR1kClPNtV/view?usp=drivesdk,16/11/2019 20:48:35,,1241587
Arduino2to3/12-1/12-1-2.png,12-1-2.png,05/11/2019 15:52:32,https://drive.google.com/file/d/1ZjSi7IQYzNekHO6YvmNnmXsd4Op8_KZV/view?usp=drivesdk,05/11/2019 15:52:32,,70210
Arduino2to3/12-1/12-1-1.png,12-1-1.png,05/11/2019 15:52:32,https://drive.google.com/file/d/1vTLGMTWvlmU4Kpj3UiHjy6g-qah6p_V4/view?usp=drivesdk,05/11/2019 15:52:32,,260820
Arduino2to3/12-1/12-1-3.jpg,12-1-3.jpg,05/11/2019 15:52:30,https://drive.google.com/file/d/1vHuplsc7BoZHJ_WVRj4Pu6WZ2PNBTee6/view?usp=drivesdk,05/11/2019 15:52:30,,6203
Arduino2to3/11-4,11-4,05/11/2019 15:22:04,https://drive.google.com/drive/folders/1m5qNagKOvTDW6M5Px_b-IbjzrTl57koH,05/11/2019 15:22:04,,0
Arduino2to3/11-4/11-4-7.png,11-4-7.png,16/11/2019 20:39:07,https://drive.google.com/file/d/1ZG9Mzi881_40OZnfWlncd86Ua-tQwarm/view?usp=drivesdk,16/11/2019 20:39:07,,1815960
Arduino2to3/11-4/11-4-6.png,11-4-6.png,05/11/2019 15:35:01,https://drive.google.com/file/d/1ni1E83e4cMG48X7YT9GxFidBNOLaA-Lh/view?usp=drivesdk,05/11/2019 15:35:01,,230244
Arduino2to3/11-4/11-4-1.png,11-4-1.png,05/11/2019 15:22:18,https://drive.google.com/file/d/1z-vOjXMB1RhdBIhCmGiLWME733bFyw28/view?usp=drivesdk,05/11/2019 15:22:18,,142100
Arduino2to3/11-4/11-4-4.png,11-4-4.png,05/11/2019 15:22:16,https://drive.google.com/file/d/1WxqnGA2vOvk_Qmf-HJAHAO3G4vzLMSTJ/view?usp=drivesdk,05/11/2019 15:22:16,,7578
Arduino2to3/11-4/11-4-3.png,11-4-3.png,05/11/2019 15:22:16,https://drive.google.com/file/d/1_dRLhfYTvrUrU5ezmNE_fMHGpoOYZoi1/view?usp=drivesdk,05/11/2019 15:22:16,,112502
Arduino2to3/11-4/11-4-2.png,11-4-2.png,05/11/2019 15:22:16,https://drive.google.com/file/d/1yw58JqsNS9oOH4pI_iUqspBH7Mi7d70v/view?usp=drivesdk,05/11/2019 15:22:16,,139086
Arduino2to3/11-4/11-4-5.png,11-4-5.png,05/11/2019 15:22:14,https://drive.google.com/file/d/1c9ST2nP5urYqNl8ZrdSPYHZLSIPFD_GR/view?usp=drivesdk,05/11/2019 15:22:14,,5411
Arduino2to3/11-3,11-3,05/11/2019 15:03:03,https://drive.google.com/drive/folders/1R_KsUQdaN1Q0qtYIIe6vcgk73hr2mFjo,05/11/2019 15:03:03,,0
Arduino2to3/11-3/11-3-2.png,11-3-2.png,05/11/2019 15:05:26,https://drive.google.com/file/d/1qjlQ8V6PfLVOH03KribHljWh5QTUnBYw/view?usp=drivesdk,05/11/2019 15:05:26,,5703
Arduino2to3/11-3/11-3-1.png,11-3-1.png,05/11/2019 15:04:31,https://drive.google.com/file/d/1tC9rR9CrmUUXYpt9evr5YL1abVuswrmy/view?usp=drivesdk,05/11/2019 15:04:31,,5847
Arduino2to3/11-2,11-2,05/11/2019 14:40:45,https://drive.google.com/drive/folders/1wP5uyOtMOSK3jbg1vprKUhMqew9nHIZ4,05/11/2019 14:40:45,,0
Arduino2to3/11-2/11-2-1.png,11-2-1.png,05/11/2019 14:41:00,https://drive.google.com/file/d/1qtWk2YSP_kerI5jOHygJVzlfsVZlgul-/view?usp=drivesdk,05/11/2019 14:41:00,,71825
Arduino2to3/11-1,11-1,05/11/2019 14:17:11,https://drive.google.com/drive/folders/18yJ3ejzRAHI6NdYEbAXLjX68ODT03Rmp,05/11/2019 14:17:11,,0
Arduino2to3/11-1/11-1-7.png,11-1-7.png,14/11/2019 23:51:20,https://drive.google.com/file/d/1P7cWqufqCZDEF7MZYXjjNbSIsRw0R6Rg/view?usp=drivesdk,14/11/2019 23:51:20,,1222887
Arduino2to3/11-1/1572935902382.jpg,1572935902382.jpg,05/11/2019 14:38:53,https://drive.google.com/file/d/1EsYxgp7seJBUxkzjWwDHO9cRF2ijc9yW/view?usp=drivesdk,05/11/2019 14:38:53,,21262
Arduino2to3/11-1/11-1-6.png,11-1-6.png,05/11/2019 14:37:50,https://drive.google.com/file/d/1dhAXtGzaQy31sGnND_hqhyMtcI4UtjJm/view?usp=drivesdk,05/11/2019 14:37:50,,39768
Arduino2to3/11-1/11-1-2.png,11-1-2.png,05/11/2019 14:17:25,https://drive.google.com/file/d/1FJ5uAtW4YPSt77UAbto9R_QLQejx29-p/view?usp=drivesdk,05/11/2019 14:17:25,,285763
Arduino2to3/11-1/11-1-1.png,11-1-1.png,05/11/2019 14:17:25,https://drive.google.com/file/d/1RSQlzAX_ouIgvWcONcJ697zFuvvbmBnA/view?usp=drivesdk,05/11/2019 14:17:25,,245238
Arduino2to3/11-1/11-1-4.png,11-1-4.png,05/11/2019 14:17:22,https://drive.google.com/file/d/1D68aaKQRsa37mlP3x-CCb3yoJFhPPLvw/view?usp=drivesdk,05/11/2019 14:17:22,,241062
Arduino2to3/11-1/11-1-3.png,11-1-3.png,05/11/2019 14:17:22,https://drive.google.com/file/d/1WtQ7ZRX0_hzjXJGaksCQhE61-3X47xpR/view?usp=drivesdk,05/11/2019 14:17:22,,9479
Arduino2to3/11-1/11-1-5.png,11-1-5.png,05/11/2019 14:17:20,https://drive.google.com/file/d/1qcrtjQhT7iRNCcEX5bGHmTIjIsF5j0UQ/view?usp=drivesdk,05/11/2019 14:17:20,,48318
Arduino2to3/10-3,10-3,30/10/2019 19:06:09,https://drive.google.com/drive/folders/1v1uEmObP_5CvvBRWi5poPsQwSbcmahFT,30/10/2019 19:06:09,,0
Arduino2to3/10-3/10-3-5.png,10-3-5.png,30/10/2019 19:21:10,https://drive.google.com/file/d/1N1TIr23qa9vjC1LM5sEsmxT6qvCaNbsJ/view?usp=drivesdk,30/10/2019 19:21:10,,9507
Arduino2to3/10-3/10-3-4.png,10-3-4.png,30/10/2019 19:21:09,https://drive.google.com/file/d/19y4KSPtT-o9jvB-n79ZzFBX6hzXBMCy5/view?usp=drivesdk,30/10/2019 19:21:09,,6569
Arduino2to3/10-3/10-3-1.png,10-3-1.png,30/10/2019 19:09:10,https://drive.google.com/file/d/1eYePnbvDI6-j0GPM2CBht3fENktU-ksb/view?usp=drivesdk,30/10/2019 19:09:10,,10691
Arduino2to3/10-3/10-3-2.jpg,10-3-2.jpg,30/10/2019 19:09:08,https://drive.google.com/file/d/1jarc5KMLdGrmCyMhalZ_jBlPu-WG9gRW/view?usp=drivesdk,30/10/2019 19:09:08,,9892
Arduino2to3/10-2,10-2,30/10/2019 18:11:32,https://drive.google.com/drive/folders/1WaXFTc6Vqs5_ODYqA5c-iZZ9mBGiZZJw,30/10/2019 18:11:32,,0
Arduino2to3/10-2/21.png,21.png,03/11/2019 17:34:43,https://drive.google.com/file/d/1vAE73Mvfhzxe1i5PTV2fhk-9QyVzg0Fd/view?usp=drivesdk,03/11/2019 17:34:43,,1517708
Arduino2to3/10-2/10-2-6.png,10-2-6.png,30/10/2019 18:33:18,https://drive.google.com/file/d/16c8x8qh89EtnTt1eoRyovqiSvwwrVsy4/view?usp=drivesdk,30/10/2019 18:33:18,,1574
Arduino2to3/10-2/10-2-7.png,10-2-7.png,30/10/2019 18:33:16,https://drive.google.com/file/d/1JAF1Jh6jbVZZVFLWLvS1x9EfdzbFHJ5N/view?usp=drivesdk,30/10/2019 18:33:16,,873
Arduino2to3/10-2/10-2-5.png,10-2-5.png,30/10/2019 18:16:59,https://drive.google.com/file/d/1FFewxOQW1XgqpvCI2HXKTuvUG8i0h_FA/view?usp=drivesdk,30/10/2019 18:16:59,,270217
Arduino2to3/10-2/10-2-3.png,10-2-3.png,30/10/2019 18:11:43,https://drive.google.com/file/d/1IEXJUWoc86iKn7yaBIh9-MxjYMhq7olh/view?usp=drivesdk,30/10/2019 18:11:43,,80811
Arduino2to3/10-2/10-2-4.png,10-2-4.png,30/10/2019 18:11:43,https://drive.google.com/file/d/1rFV0qfbpknJXTVp6Cb_kXSErg1cm4DGa/view?usp=drivesdk,30/10/2019 18:11:43,,265944
Arduino2to3/10-2/10-2-2.jpg,10-2-2.jpg,30/10/2019 18:11:43,https://drive.google.com/file/d/1tZJ26vNPzs3cJe-vXmx3ZMXSw8051k_K/view?usp=drivesdk,30/10/2019 18:11:43,,9892
Arduino2to3/10-2/10-2-1.png,10-2-1.png,30/10/2019 18:11:42,https://drive.google.com/file/d/1BCm1fIQvujuYoWtqVzBLbfMEHi18fPeC/view?usp=drivesdk,30/10/2019 18:11:42,,10691
Arduino2to3/10-1,10-1,30/10/2019 17:47:05,https://drive.google.com/drive/folders/1OqZSfJnq3LMzn1OFX2DNWwX1gao_BxzP,30/10/2019 17:47:05,,0
Arduino2to3/10-1/20.png,20.png,03/11/2019 17:32:26,https://drive.google.com/file/d/1fOJG3Hz8VcWHUHOKacGaQgmWcTjuGIqq/view?usp=drivesdk,03/11/2019 17:32:26,,1245949
Arduino2to3/10-1/10-1-1.png,10-1-1.png,30/10/2019 17:47:21,https://drive.google.com/file/d/1P1OioR_BdlpopALk0FCcjIbcieM8ktCf/view?usp=drivesdk,30/10/2019 17:47:21,,43791
Arduino2to3/10-1/10-1-4.png,10-1-4.png,30/10/2019 17:47:21,https://drive.google.com/file/d/1qSQS-608vg3DMhQ6cpJBtkFEBPkm1gIr/view?usp=drivesdk,30/10/2019 17:47:21,,80806
Arduino2to3/10-1/10-1-3.png,10-1-3.png,30/10/2019 17:47:21,https://drive.google.com/file/d/1vEidfZEMp_ZDt2JoXFhRaG1RdI7LKBwE/view?usp=drivesdk,30/10/2019 17:47:21,,45317
Arduino2to3/10-1/10-1-2.png,10-1-2.png,30/10/2019 17:47:20,https://drive.google.com/file/d/1jxsLYBWomS3dR0GovdBDpNvAKiQfqD-e/view?usp=drivesdk,30/10/2019 17:47:20,,4780
Arduino2to3/9-3,9-3,30/10/2019 16:58:17,https://drive.google.com/drive/folders/1ppVsOkewSKlu7EGi2nUBU9-Zj-sUun-T,30/10/2019 16:58:17,,0
Arduino2to3/9-3/9-3-5.png,9-3-5.png,30/10/2019 16:58:33,https://drive.google.com/file/d/132XVxCcqeOglzxr8MnZq9zSq2APq4nAZ/view?usp=drivesdk,30/10/2019 16:58:33,,110908
Arduino2to3/9-3/9-3-4.png,9-3-4.png,30/10/2019 16:58:33,https://drive.google.com/file/d/1W7YQR44U8USlAJ1tN6H-1uyyz6caQZWF/view?usp=drivesdk,30/10/2019 16:58:33,,85771
Arduino2to3/9-3/9-3-2.jpg,9-3-2.jpg,30/10/2019 16:58:33,https://drive.google.com/file/d/1re0Jj2HAgzpk7ovxDG7JaXP2RUwWePxS/view?usp=drivesdk,30/10/2019 16:58:33,,9892
Arduino2to3/9-3/9-3-3.png,9-3-3.png,30/10/2019 16:58:33,https://drive.google.com/file/d/1t4NcXm6XwVXJMueTl8ioe4D7ijuveYHG/view?usp=drivesdk,30/10/2019 16:58:33,,157535
Arduino2to3/9-3/9-3-1.png,9-3-1.png,30/10/2019 16:58:31,https://drive.google.com/file/d/1vHMQpt9Q2cbPI_mPqnH5E4dpEGL9Ga1_/view?usp=drivesdk,30/10/2019 16:58:31,,6939
Arduino2to3/9-2,9-2,30/10/2019 16:46:11,https://drive.google.com/drive/folders/1B_GHLUkDhtkB50M0jhGNLEE-cA8RR5Ft,30/10/2019 16:46:11,,0
Arduino2to3/9-2/19.png,19.png,03/11/2019 17:28:32,https://drive.google.com/file/d/10SBcOyIyknHWIbaWzTFtO6TUu00uiUbU/view?usp=drivesdk,03/11/2019 17:28:32,,1523908
Arduino2to3/9-2/9-2-3.png,9-2-3.png,30/10/2019 16:46:25,https://drive.google.com/file/d/1FRspv2EDef0ZSkcrgSV5_5IK-wftsVD8/view?usp=drivesdk,30/10/2019 16:46:25,,103800
Arduino2to3/9-2/9-2-4.png,9-2-4.png,30/10/2019 16:46:25,https://drive.google.com/file/d/1tol7M8zSwI-g4BOrIwpQBhKgV3T_-Ppb/view?usp=drivesdk,30/10/2019 16:46:25,,111188
Arduino2to3/9-2/9-2-1.png,9-2-1.png,30/10/2019 16:46:25,https://drive.google.com/file/d/1x9SRr1u8PVe_qfpBknJ74ELY9uGFrPjV/view?usp=drivesdk,30/10/2019 16:46:25,,5580
Arduino2to3/9-2/9-2-2.jpg,9-2-2.jpg,30/10/2019 16:46:24,https://drive.google.com/file/d/1XO-fQiTaEq-_NyftYWqhy1Go9TVgXnFH/view?usp=drivesdk,30/10/2019 16:46:24,,9892
Arduino2to3/9-1,9-1,30/10/2019 16:26:33,https://drive.google.com/drive/folders/1gOhHU77gtAmAORo5btA9X7hWwe8796oD,30/10/2019 16:26:33,,0
Arduino2to3/9-1/18.png,18.png,03/11/2019 17:25:28,https://drive.google.com/file/d/1C50hJiFOxZaEfCdKA9Nn83phGQDp7ZeU/view?usp=drivesdk,03/11/2019 17:25:28,,1231577
Arduino2to3/9-1/9-1-5.jpg,9-1-5.jpg,30/10/2019 16:38:18,https://drive.google.com/file/d/1P1k8ePqdFYaI4jdrg6bE9qjW2xCL3CSC/view?usp=drivesdk,30/10/2019 16:38:18,,9932
Arduino2to3/9-1/9-1-1.png,9-1-1.png,30/10/2019 16:26:55,https://drive.google.com/file/d/1VdNf2Hp3q9aOkP-cHxW1lbPAGyBNR9u9/view?usp=drivesdk,30/10/2019 16:26:55,,9011
Arduino2to3/9-1/9-1-4.png,9-1-4.png,30/10/2019 16:26:55,https://drive.google.com/file/d/1e1VCB8dYtzjNj_vgr5gqw8owsTdNm9V2/view?usp=drivesdk,30/10/2019 16:26:55,,78752
Arduino2to3/9-1/9-1-2.png,9-1-2.png,30/10/2019 16:26:55,https://drive.google.com/file/d/1fmZpxMQ2M5hTktrNEgH1uZlY-uaFOTRv/view?usp=drivesdk,30/10/2019 16:26:55,,3517
Arduino2to3/9-1/9-1-3.jpg,9-1-3.jpg,30/10/2019 16:26:53,https://drive.google.com/file/d/1R8gbwIUOEoDriE3bJBwOpT6dZB2YjAwH/view?usp=drivesdk,30/10/2019 16:26:53,,38186
Arduino2to3/8-4,8-4,28/10/2019 22:43:25,https://drive.google.com/drive/folders/1h3LJJ44dqDqnEEcXhJ8j5H0RB58Oy4nm,28/10/2019 22:43:25,,0
Arduino2to3/8-4/18.png,18.png,03/11/2019 17:25:08,https://drive.google.com/file/d/16Djshp2uYkuMDDoonHVa16vo_fDq8stV/view?usp=drivesdk,03/11/2019 17:25:08,,1231577
Arduino2to3/8-4/17.png,17.png,03/11/2019 17:19:31,https://drive.google.com/file/d/1FAB_wjRBv0Q6iON3kZtBBpMCqqdXSHUK/view?usp=drivesdk,03/11/2019 17:19:31,,1663747
Arduino2to3/8-4/scratchblocks (37).png,scratchblocks (37).png,28/10/2019 22:49:51,https://drive.google.com/file/d/1b3KoS7-LNwAMPYyoZlcWkjOP9zn8YaRy/view?usp=drivesdk,28/10/2019 22:49:51,,230224
Arduino2to3/8-4/8-4-4.png,8-4-4.png,28/10/2019 22:44:14,https://drive.google.com/file/d/1c4WJJi7LjS7CJNbwHVYfUQU-UZpI4gXB/view?usp=drivesdk,28/10/2019 22:44:14,,440321
Arduino2to3/8-4/8-4-3.png,8-4-3.png,28/10/2019 22:44:12,https://drive.google.com/file/d/12KCczDtN5x9yivCcwIhwDG_txXSPHHgu/view?usp=drivesdk,28/10/2019 22:44:12,,170076
Arduino2to3/8-4/8-4-2.png,8-4-2.png,28/10/2019 22:44:12,https://drive.google.com/file/d/1qXvZiKU0u9yZrwZlvllGu5SErG-bVagd/view?usp=drivesdk,28/10/2019 22:44:12,,7083
Arduino2to3/8-4/8-4-1.png,8-4-1.png,28/10/2019 22:44:11,https://drive.google.com/file/d/14j53kv0ASMZ7-UmfmaXwv8q8-kL9mKK2/view?usp=drivesdk,28/10/2019 22:44:11,,8737
Arduino2to3/8-3,8-3,28/10/2019 22:29:31,https://drive.google.com/drive/folders/132HoI2DWAXqjaS1OmvYkeIPOUT3tPREj,28/10/2019 22:29:31,,0
Arduino2to3/8-3/scratchblocks (36).png,scratchblocks (36).png,28/10/2019 22:36:50,https://drive.google.com/file/d/13Un8Xj4eLlekkDUqmrxjN25XiGwY0PEP/view?usp=drivesdk,28/10/2019 22:36:50,,189600
Arduino2to3/8-3/8-3-1.png,8-3-1.png,28/10/2019 22:32:07,https://drive.google.com/file/d/1jajJD5poy3FH3jKbuvp-0ojNTdJM7BHH/view?usp=drivesdk,28/10/2019 22:32:07,,59996
Arduino2to3/8-2,8-2,28/10/2019 22:11:44,https://drive.google.com/drive/folders/1DUnVMqh5sIw8zcw8Ia-2oVtuRD9oR_hx,28/10/2019 22:11:44,,0
Arduino2to3/8-2/scratchblocks (35).png,scratchblocks (35).png,28/10/2019 22:15:09,https://drive.google.com/file/d/12i_SNb4uJto-jKT4wXRdG4DeqM7ttNNq/view?usp=drivesdk,28/10/2019 22:15:09,,110412
Arduino2to3/8-2/8-2-1.png,8-2-1.png,28/10/2019 22:11:55,https://drive.google.com/file/d/1kEjmlUIIzb986db5JZ9gy7nGbaby72Bv/view?usp=drivesdk,28/10/2019 22:11:55,,313927
Arduino2to3/8-1,8-1,28/10/2019 21:46:22,https://drive.google.com/drive/folders/1gCoWFlzMC2_6Ou6XAbRdM_C-DSHd107G,28/10/2019 21:46:22,,0
Arduino2to3/8-1/16.png,16.png,03/11/2019 17:12:08,https://drive.google.com/file/d/1Gzc5YmjtOqzLevKkRaoYCAusT_Xr3KUs/view?usp=drivesdk,03/11/2019 17:12:08,,1199773
Arduino2to3/8-1/scratchblocks (34).png,scratchblocks (34).png,28/10/2019 22:02:32,https://drive.google.com/file/d/1dF4d1PIIsMhnZjIePI2rcr0FGELO-Kra/view?usp=drivesdk,28/10/2019 22:02:32,,116246
Arduino2to3/8-1/8-1-3.png,8-1-3.png,28/10/2019 21:47:05,https://drive.google.com/file/d/1_a1DrqFK7Y9MQmYyoq-ru-JYpCPWIyoZ/view?usp=drivesdk,28/10/2019 21:47:05,,69244
Arduino2to3/8-1/8-1-2.jpg,8-1-2.jpg,28/10/2019 21:46:53,https://drive.google.com/file/d/1umn5bnVO0AoCGxVyz--0_v-LZJS4EzxA/view?usp=drivesdk,28/10/2019 21:46:53,,3164
Arduino2to3/8-1/8-1-1.png,8-1-1.png,28/10/2019 21:46:53,https://drive.google.com/file/d/1_RU46XA8rD9LByCpUuIAF4vNrIPCd9WU/view?usp=drivesdk,28/10/2019 21:46:53,,237788
Arduino2to3/7-4,7-4,28/10/2019 21:20:53,https://drive.google.com/drive/folders/1Sow6zYMhK0PuVpR6zaWDYlzTARspQ74E,28/10/2019 21:20:53,,0
Arduino2to3/7-4/scratchblocks (31)_new.png,scratchblocks (31)_new.png,03/11/2019 20:50:10,https://drive.google.com/file/d/1sKtvTpPLUeKcZfLjC4UoxnkioA6e_FFN/view?usp=drivesdk,03/11/2019 20:50:10,,359426
Arduino2to3/7-4/arduino小星星積木.pdf,arduino小星星積木.pdf,03/11/2019 20:46:34,https://drive.google.com/file/d/1V-ad2aRWsTwmGhAvoqXG2sQcMOGW4YbS/view?usp=drivesdk,03/11/2019 20:46:34,,911134
Arduino2to3/7-4/scratchblocks (32).png,scratchblocks (32).png,28/10/2019 21:36:16,https://drive.google.com/file/d/1xIL55CO5JNh7_O98LclJIAVwi5FSEkSd/view?usp=drivesdk,28/10/2019 21:36:16,,230790
Arduino2to3/7-4/scratchblocks (33).png,scratchblocks (33).png,28/10/2019 21:36:14,https://drive.google.com/file/d/1bGrAZlwNd83o1e1t2sakc4oBub9uPJr4/view?usp=drivesdk,28/10/2019 21:36:14,,59782
Arduino2to3/7-4/scratchblocks (31).png,scratchblocks (31).png,28/10/2019 21:31:36,https://drive.google.com/file/d/1c_thP2Zu2YPkNctvhBSZpAHxPafJJHZi/view?usp=drivesdk,28/10/2019 21:31:36,,453655
Arduino2to3/7-4/scratchblocks (30).png,scratchblocks (30).png,28/10/2019 21:26:19,https://drive.google.com/file/d/1ulICmBA72VLFlFWTRskpFk8NGbwJpwhi/view?usp=drivesdk,28/10/2019 21:26:19,,49339
Arduino2to3/7-4/7-4-1.png,7-4-1.png,28/10/2019 21:21:15,https://drive.google.com/file/d/1CVRrt36-hdBWZ1ZjnTtUWagd8-x1YN_I/view?usp=drivesdk,28/10/2019 21:21:15,,81501
Arduino2to3/7-4/7-4-3.png,7-4-3.png,28/10/2019 21:21:15,https://drive.google.com/file/d/1_yUjWCqRyb5qo-Nib1gvPjXIoH6ir6tD/view?usp=drivesdk,28/10/2019 21:21:15,,38044
Arduino2to3/7-4/7-4-2.jpg,7-4-2.jpg,28/10/2019 21:21:13,https://drive.google.com/file/d/1I_iybBUYP9pRzyFOHpa7aJASXlVQhmP0/view?usp=drivesdk,28/10/2019 21:21:13,,39720
Arduino2to3/7-4/7-4-4.png,7-4-4.png,28/10/2019 21:21:12,https://drive.google.com/file/d/1JPtVBeL3-HlP5g87x2Eiy8ne0L73xqwE/view?usp=drivesdk,28/10/2019 21:21:12,,420207
Arduino2to3/7-4/scratchblocks (29).png,scratchblocks (29).png,28/10/2019 21:21:01,https://drive.google.com/file/d/1pFlYEZK_a81JkoEvJjuDlVWsd_JxgF7i/view?usp=drivesdk,28/10/2019 21:21:01,,23878
Arduino2to3/7-3,7-3,28/10/2019 21:03:17,https://drive.google.com/drive/folders/1MWyGDZRjWm1hE9zpIzQjFzDRBDNTv6jD,28/10/2019 21:03:17,,0
Arduino2to3/7-3/scratchblocks (28).png,scratchblocks (28).png,28/10/2019 21:10:58,https://drive.google.com/file/d/1f6JBaxwDMaU8Le1A-hL5QRwl19ui9ccj/view?usp=drivesdk,28/10/2019 21:10:58,,88956
Arduino2to3/7-3/scratchblocks (27).png,scratchblocks (27).png,28/10/2019 21:09:44,https://drive.google.com/file/d/131p7sG5mlOPTLk2rHDQaMnNb-A8aPDAL/view?usp=drivesdk,28/10/2019 21:09:44,,111499
Arduino2to3/7-3/13.png,13.png,28/10/2019 21:03:30,https://drive.google.com/file/d/1iiXNDq7E7FrQoP6FuOzsDC3qZSoAUcYO/view?usp=drivesdk,28/10/2019 21:03:30,,70872
Arduino2to3/7-2,7-2,28/10/2019 20:51:46,https://drive.google.com/drive/folders/16L5hcBTgOcsuBTRAgQQq9u2rCKTBgntF,28/10/2019 20:51:46,,0
Arduino2to3/7-2/12.png,12.png,28/10/2019 20:51:57,https://drive.google.com/file/d/1h6g7NEKsM0MhS5jDGBPOhfkrtKqwMDuR/view?usp=drivesdk,28/10/2019 20:51:57,,408962
Arduino2to3/7-2/10.png,10.png,28/10/2019 20:51:54,https://drive.google.com/file/d/1qA-ZE-97Uf-sRRz7x6nzY_KNJLahwLq2/view?usp=drivesdk,28/10/2019 20:51:54,,122040
Arduino2to3/7-2/11.png,11.png,28/10/2019 20:51:54,https://drive.google.com/file/d/129XnDcT4GlKwNibLN872U3CmepLZirm8/view?usp=drivesdk,28/10/2019 20:51:54,,234981
Arduino2to3/7-1,7-1,28/10/2019 17:31:30,https://drive.google.com/drive/folders/1cqcZrtbAjz4BuAoF1DSUWcEDIO58u2hf,28/10/2019 17:31:30,,0
Arduino2to3/7-1/15.png,15.png,03/11/2019 17:03:25,https://drive.google.com/file/d/1crExoUI-ApWi6y-TJ_oTe5Bl0nZAQZ5o/view?usp=drivesdk,03/11/2019 17:03:25,,1231136
Arduino2to3/7-1/scratchblocks (26).png,scratchblocks (26).png,28/10/2019 17:44:13,https://drive.google.com/file/d/1ousA__1CQBLG9nbVE6e8TqefMq0VzN8f/view?usp=drivesdk,28/10/2019 17:44:13,,49636
Arduino2to3/7-1/scratchblocks (25).png,scratchblocks (25).png,28/10/2019 17:42:07,https://drive.google.com/file/d/1LGwsvReroC_pOETx3D_VvFiITYco9c78/view?usp=drivesdk,28/10/2019 17:42:07,,38379
Arduino2to3/7-1/8.png,8.png,28/10/2019 17:32:53,https://drive.google.com/file/d/19-d-Np34OYfc4N2Y48ldJEYRkntGkGTE/view?usp=drivesdk,28/10/2019 17:32:53,,244652
Arduino2to3/7-1/9.png,9.png,28/10/2019 17:32:51,https://drive.google.com/file/d/1qFWe4FyW7-ADnFlk7I2jYju0Au71f4UD/view?usp=drivesdk,28/10/2019 17:32:51,,226529
Arduino2to3/7-1/7.png,7.png,28/10/2019 17:32:25,https://drive.google.com/file/d/1bWO949bA5zlT5VJ35NlNFjCk_-xfWxRR/view?usp=drivesdk,28/10/2019 17:32:25,,70872
Arduino2to3/7-1/圖片1.jpg,圖片1.jpg,28/10/2019 17:31:57,https://drive.google.com/file/d/1XETdX1xvz_NNMVZ6KkY_RIgTxkRHtf67/view?usp=drivesdk,28/10/2019 17:31:57,,15865
Arduino2to3/7-1/圖片2.jpg,圖片2.jpg,28/10/2019 17:31:55,https://drive.google.com/file/d/1DkJPK3bY5ZWaWi0BqqItfYp1RwdFuAJ5/view?usp=drivesdk,28/10/2019 17:31:55,,9892
Arduino2to3/6-4,6-4,28/10/2019 17:13:24,https://drive.google.com/drive/folders/1tChMGGGazKAoFaG6zv7uFFFDH_oEeC9e,28/10/2019 17:13:24,,0
Arduino2to3/6-4/scratchblocks (24).png,scratchblocks (24).png,28/10/2019 17:13:35,https://drive.google.com/file/d/16SfTX6v_kX34rQQl_A5P5jQ_Y7zjMarL/view?usp=drivesdk,28/10/2019 17:13:35,,143098
Arduino2to3/6-3,6-3,28/10/2019 17:05:00,https://drive.google.com/drive/folders/1cUyJo7JlCXxP-RGQJ2nyQWhIR8_9zMuw,28/10/2019 17:05:14,,0
Arduino2to3/6-3/1572253450125.jpg,1572253450125.jpg,28/10/2019 17:05:31,https://drive.google.com/file/d/1AAgntFllHMzWvN5_cDV5dTRrqDVvWH6u/view?usp=drivesdk,28/10/2019 17:05:31,,74374
Arduino2to3/6-3/scratchblocks (23).png,scratchblocks (23).png,28/10/2019 17:05:29,https://drive.google.com/file/d/1MT1oVm4maYXzSz7-8c5oAcp3hQwp8ceG/view?usp=drivesdk,28/10/2019 17:05:29,,101060
Arduino2to3/6-1,6-1,28/10/2019 16:12:50,https://drive.google.com/drive/folders/1Y4ckFJw1OCob9TL8PWSWN8QvWX-q8TFB,28/10/2019 16:12:50,,0
Arduino2to3/6-1/14.png,14.png,03/11/2019 16:51:21,https://drive.google.com/file/d/1dc8cTfLKJF-ZmFs98_-URevTv-Yqb1Id/view?usp=drivesdk,03/11/2019 16:51:21,,1219802
Arduino2to3/6-1/scratchblocks (23).png,scratchblocks (23).png,28/10/2019 17:02:33,https://drive.google.com/file/d/1AqIyqGLg4W4gSVIp0byfDGNuUXH_RXOb/view?usp=drivesdk,28/10/2019 17:02:33,,101060
Arduino2to3/6-1/6.png,6.png,28/10/2019 16:51:49,https://drive.google.com/file/d/1HcH1Et9JEjCfNSTJ4PwfG_vZUFo_jlug/view?usp=drivesdk,28/10/2019 16:51:49,,424440
Arduino2to3/6-1/scratchblocks (21).png,scratchblocks (21).png,28/10/2019 16:35:22,https://drive.google.com/file/d/1LWNIRtmYHm8YLY-mt2kmi1UWIIfdDht4/view?usp=drivesdk,28/10/2019 16:35:22,,88799
Arduino2to3/6-1/5.png,5.png,28/10/2019 16:29:28,https://drive.google.com/file/d/1xn4pozQeJ9rv2DsNXceFLcTvxSvvozo2/view?usp=drivesdk,28/10/2019 16:29:28,,365877
Arduino2to3/6-1/4.jpg,4.jpg,28/10/2019 16:27:50,https://drive.google.com/file/d/1mn9vtOFR5HTXuxQf_0tR3G3KYsKbHj6B/view?usp=drivesdk,28/10/2019 16:27:50,,10116
Arduino2to3/6-1/3.png,3.png,28/10/2019 16:24:50,https://drive.google.com/file/d/1jLWlDzXM2NkX47wq2YSqvDPaaKVnncYB/view?usp=drivesdk,28/10/2019 16:24:50,,459784
Arduino2to3/6-1/2.png,2.png,28/10/2019 16:13:06,https://drive.google.com/file/d/1G81ivRs2gs56yG6w49jmfRmf2R0dO8xC/view?usp=drivesdk,28/10/2019 16:13:06,,196227
Arduino2to3/6-1/1.png,1.png,28/10/2019 16:13:04,https://drive.google.com/file/d/1GExKVI56Kclt3_egZZrV1R-kEXen61QC/view?usp=drivesdk,28/10/2019 16:13:04,,10373
Arduino2to3/準備設備一覽,準備設備一覽,27/10/2019 20:02:47,https://drive.google.com/drive/folders/12aYByY8AiqO3HCfD0AUmnbglRop4dDUH,27/10/2019 20:02:47,,0
Arduino2to3/準備設備一覽/開發版.jpg,開發版.jpg,27/10/2019 20:53:58,https://drive.google.com/file/d/1G_xyrbynfk2CH0gy0V8uE8WbboXG1fZW/view?usp=drivesdk,27/10/2019 20:54:32,,228341
Arduino2to3/準備設備一覽/微動.jpg,微動.jpg,27/10/2019 20:53:57,https://drive.google.com/file/d/1YGCirCik8XxHjvhDatZ_vnE7J2FooIVO/view?usp=drivesdk,27/10/2019 20:53:57,,202951
Arduino2to3/準備設備一覽/滾珠.jpg,滾珠.jpg,27/10/2019 20:53:55,https://drive.google.com/file/d/1UrXVVDwb8T0AVjU2dHNPkcV7JGaob6uv/view?usp=drivesdk,27/10/2019 20:53:55,,177660
Arduino2to3/準備設備一覽/蜂鳴.jpg,蜂鳴.jpg,27/10/2019 20:53:55,https://drive.google.com/file/d/1azKPGAHtKt6gx3ZEuWEh4f0WMeNDythT/view?usp=drivesdk,27/10/2019 20:53:55,,171528
Arduino2to3/準備設備一覽/溫度感測.jpg,溫度感測.jpg,27/10/2019 20:53:54,https://drive.google.com/file/d/17_T0SKJiLeemrxyM0nqkqy1YsRexiW0x/view?usp=drivesdk,27/10/2019 20:53:54,,175761
Arduino2to3/準備設備一覽/紅綠燈.jpg,紅綠燈.jpg,27/10/2019 20:53:51,https://drive.google.com/file/d/1zXFwyXsiOJI8ojA3ptmWlErBt9U2-Su6/view?usp=drivesdk,27/10/2019 20:53:51,,187871
Arduino2to3/準備設備一覽/紅外線發射.jpg,紅外線發射.jpg,27/10/2019 20:53:50,https://drive.google.com/file/d/1pVIw732gVZq8WGckWMEJLG7Lz5n27gyc/view?usp=drivesdk,27/10/2019 20:53:50,,163675
Arduino2to3/準備設備一覽/紅外線接收.jpg,紅外線接收.jpg,27/10/2019 20:53:49,https://drive.google.com/file/d/1Sdd9lmw9Nk4_UT14oJ3ave3QlaoGpY01/view?usp=drivesdk,27/10/2019 20:53:49,,181032
Arduino2to3/準備設備一覽/光線感測.jpg,光線感測.jpg,27/10/2019 20:53:47,https://drive.google.com/file/d/18KRhlOs5hu7cQbKF-5KRXt97z2baK49R/view?usp=drivesdk,27/10/2019 20:53:47,,175479
Arduino2to3/準備設備一覽/按鈕.jpg,按鈕.jpg,27/10/2019 20:53:47,https://drive.google.com/file/d/1aeLPZAQlyQppS5wk4T7qn-RF4uQ8b6MN/view?usp=drivesdk,27/10/2019 20:53:47,,162904
Arduino2to3/準備設備一覽/杜邦縣.jpg,杜邦縣.jpg,27/10/2019 20:53:45,https://drive.google.com/file/d/18crWKceCexfOBZclei_YunGPYm1s93Nn/view?usp=drivesdk,27/10/2019 20:53:45,,162363
Arduino2to3/準備設備一覽/可變電阻.jpg,可變電阻.jpg,27/10/2019 20:53:44,https://drive.google.com/file/d/1rIn3s35qcdX9KgHLpHPpBHUnktYBKbA6/view?usp=drivesdk,27/10/2019 20:53:44,,159072
Arduino2to3/準備設備一覽/反射行光電感測.jpg,反射行光電感測.jpg,27/10/2019 20:53:42,https://drive.google.com/file/d/1Uf9AthgJZa1pVp3sjLU_v-bUI8Gq_V4f/view?usp=drivesdk,27/10/2019 20:53:42,,176693
Arduino2to3/準備設備一覽/XY軸.jpg,XY軸.jpg,27/10/2019 20:53:42,https://drive.google.com/file/d/1gNpjr5YuYHpJPUfb9JyZ5qgptbiUZLYh/view?usp=drivesdk,27/10/2019 20:53:42,,169987
Arduino2to3/準備設備一覽/RGB.jpg,RGB.jpg,27/10/2019 20:53:41,https://drive.google.com/file/d/1qeSeNeC3ce4KTXI8_d-MxMyqFutkwH8T/view?usp=drivesdk,27/10/2019 20:53:41,,186294
Arduino2to3/準備設備一覽/4-2.png,4-2.png,27/10/2019 20:32:46,https://drive.google.com/file/d/1Eed7TKNjNA7exeJabM9YIBx5ww8wt6m6/view?usp=drivesdk,27/10/2019 20:32:53,,1250409
Arduino2to3/準備設備一覽/1-3.png,1-3.png,27/10/2019 20:03:12,https://drive.google.com/file/d/1Zym53OjF2M40kH7P0wZuBErAgXF7ISiT/view?usp=drivesdk,27/10/2019 20:03:28,,1212893
Arduino2to3/2-3,2-3,09/10/2019 12:14:32,https://drive.google.com/drive/folders/1hSFczBG_w5mR6WNeUWlm1YZ8jeKbqDdk,09/10/2019 12:14:32,,0
Arduino2to3/2-3/WFduino.jpg,WFduino.jpg,27/10/2019 22:50:52,https://drive.google.com/file/d/101yrKHVMyAoGpVi6lRyGgqv21gbddSLU/view?usp=drivesdk,27/10/2019 22:51:01,,331523
Arduino2to3/2-3/點擊綠旗.jpg,點擊綠旗.jpg,27/10/2019 22:26:58,https://drive.google.com/file/d/1G6jh7UJFrU1z4T5Ue1RApA_87qsS7wDl/view?usp=drivesdk,27/10/2019 22:27:07,,71348
Arduino2to3/2-3/開啟玩成.jpg,開啟玩成.jpg,27/10/2019 22:25:23,https://drive.google.com/file/d/18SS1Z8vlY3Ib-DuUayGY_Yn6WYmBdjAX/view?usp=drivesdk,27/10/2019 22:25:36,,194842
Arduino2to3/2-3/開啟專案2.png,開啟專案2.png,27/10/2019 22:22:16,https://drive.google.com/file/d/1HvLV5v6CsKxPBqxLSaxqU_mOKxqPt24K/view?usp=drivesdk,27/10/2019 22:22:25,,910142
Arduino2to3/2-3/開啟專案.png,開啟專案.png,27/10/2019 22:19:19,https://drive.google.com/file/d/1LK8du13JnCNzGWbOzYNAADJtwHId8moQ/view?usp=drivesdk,27/10/2019 22:19:33,,786737
Arduino2to3/2-3/2-3-8.png,2-3-8.png,09/10/2019 12:48:09,https://drive.google.com/file/d/1nUidM3WWF3lAWJpiThp9ZtXadQqyRvPe/view?usp=drivesdk,09/10/2019 12:48:09,,199548
Arduino2to3/2-3/2-3-7.jpg,2-3-7.jpg,09/10/2019 12:45:43,https://drive.google.com/file/d/1s3kcCzCAXK7WCtopkSHutA7p2BXHW1Y8/view?usp=drivesdk,09/10/2019 12:45:43,,45309
Arduino2to3/2-3/2-3-6.jpg,2-3-6.jpg,09/10/2019 12:43:40,https://drive.google.com/file/d/1Bc-EzgL5d15EWSxTjT5wnVFZP5ghWn_A/view?usp=drivesdk,09/10/2019 12:43:40,,230406
Arduino2to3/2-3/2-3-4.jpg,2-3-4.jpg,09/10/2019 12:36:53,https://drive.google.com/file/d/1AtR7U10flxg2qpPSa-MqTrNawSIyiIlx/view?usp=drivesdk,09/10/2019 12:37:28,,135010
Arduino2to3/2-3/2-3-5.jpg,2-3-5.jpg,09/10/2019 12:36:54,https://drive.google.com/file/d/1orCGvHPQWlHG6fEqPlCB5KI79MUYJ-aq/view?usp=drivesdk,09/10/2019 12:37:21,,33924
Arduino2to3/2-3/2-3-3.png,2-3-3.png,09/10/2019 12:36:42,https://drive.google.com/file/d/1Tm0nFE4nfVKg2JeNO-nVYRiGUAiYE0_r/view?usp=drivesdk,09/10/2019 12:37:15,,311287
Arduino2to3/2-3/2-3-2.jpg,2-3-2.jpg,09/10/2019 12:14:48,https://drive.google.com/file/d/1pugd-h0McRBr8Te065_uh_ZeTmD2caqK/view?usp=drivesdk,09/10/2019 12:14:48,,69783
Arduino2to3/2-3/2-3-1.jpg,2-3-1.jpg,09/10/2019 12:14:48,https://drive.google.com/file/d/1Ti54yPWWUMgl_PiZ_gfyRDKBUiJh4bpz/view?usp=drivesdk,09/10/2019 12:14:48,,39970
Arduino2to3/2-2,2-2,08/10/2019 20:27:18,https://drive.google.com/drive/folders/1EHvUsZT5l1h1g6KhW3LW-CPA0ECqPp-j,08/10/2019 20:27:18,,0
Arduino2to3/2-2/1570539928970.jpg,1570539928970.jpg,08/10/2019 21:05:45,https://drive.google.com/file/d/1ddPUGc4Jw7rE6xLnd7O6mFh5kzOw_phW/view?usp=drivesdk,08/10/2019 21:05:45,,97986
Arduino2to3/2-2/2-2-8-m.jpg,2-2-8-m.jpg,08/10/2019 20:53:07,https://drive.google.com/file/d/12Yyr_vUGFlWpQvsjNgcThpa1IQ8zP1Qj/view?usp=drivesdk,08/10/2019 20:53:07,,85346
Arduino2to3/2-2/2-2-5-m.jpg,2-2-5-m.jpg,08/10/2019 20:53:07,https://drive.google.com/file/d/1DHgNPwQU7TaJgNfu4iAVtpamFz2iuhAs/view?usp=drivesdk,08/10/2019 20:53:07,,130306
Arduino2to3/2-2/2-2-6-m.jpg,2-2-6-m.jpg,08/10/2019 20:53:07,https://drive.google.com/file/d/1LYwvt8sv6ntHzA7aYRSv6Az42ZCPiOWT/view?usp=drivesdk,08/10/2019 20:53:07,,84031
Arduino2to3/2-2/2-2-7-m.jpg,2-2-7-m.jpg,08/10/2019 20:53:05,https://drive.google.com/file/d/1AEfDg2iFHZ1CoK0nZNfTMMXT5Lf4Atvn/view?usp=drivesdk,08/10/2019 20:53:05,,85473
Arduino2to3/2-2/2-2-4-m.jpg,2-2-4-m.jpg,08/10/2019 20:53:04,https://drive.google.com/file/d/1GDDQ941jCeeZkP5mfy0g2Sdihtdy9gAP/view?usp=drivesdk,08/10/2019 20:53:04,,91017
Arduino2to3/2-2/2-2-1-m.jpg,2-2-1-m.jpg,08/10/2019 20:44:57,https://drive.google.com/file/d/1GEb-osHXLmQpz6cOzM3hVrXDrcOu9Vni/view?usp=drivesdk,08/10/2019 20:44:57,,54642
Arduino2to3/2-2/2-2-3-m.jpg,2-2-3-m.jpg,08/10/2019 20:44:57,https://drive.google.com/file/d/1sP0t5fFuLSX7P7-aTgOstLR0GhWCojc5/view?usp=drivesdk,08/10/2019 20:44:57,,81991
Arduino2to3/2-2/2-2-2-m.jpg,2-2-2-m.jpg,08/10/2019 20:44:57,https://drive.google.com/file/d/1zNiXvy6h9AR06FCqO2C0VgHtL4GAslkP/view?usp=drivesdk,08/10/2019 20:44:57,,109046
Arduino2to3/2-2/2-2-7-w.jpg,2-2-7-w.jpg,08/10/2019 20:34:48,https://drive.google.com/file/d/1Nmc1pcWGZwJd5dMir1xA3igj8fQQWrKU/view?usp=drivesdk,08/10/2019 20:34:48,,109542
Arduino2to3/2-2/2-2-5-w.jpg,2-2-5-w.jpg,08/10/2019 20:34:48,https://drive.google.com/file/d/1Va8TDj_9o85UTTDSVt0ps11ds3mYHm1R/view?usp=drivesdk,08/10/2019 20:34:48,,106893
Arduino2to3/2-2/2-2-6-w.jpg,2-2-6-w.jpg,08/10/2019 20:34:46,https://drive.google.com/file/d/1hQeKX_hqCmptSRwwigghBiKDtvJ0C5Zl/view?usp=drivesdk,08/10/2019 20:34:46,,86010
Arduino2to3/2-2/2-2-4-w.jpg,2-2-4-w.jpg,08/10/2019 20:34:45,https://drive.google.com/file/d/1kqbIMuHLAN9Zrw6YZ6NDJnheQTbG0bs_/view?usp=drivesdk,08/10/2019 20:34:45,,85658
Arduino2to3/2-2/2-2-3-w.jpg,2-2-3-w.jpg,08/10/2019 20:27:49,https://drive.google.com/file/d/1kOZE6rC1Qh6sivedciaV-iMrIOiiNHkc/view?usp=drivesdk,08/10/2019 20:27:49,,94188
Arduino2to3/2-2/2-2-1-w.jpg,2-2-1-w.jpg,08/10/2019 20:27:48,https://drive.google.com/file/d/1MJYPkoXVuQc6EoN8JVR1tKivvWmjb0ni/view?usp=drivesdk,08/10/2019 20:27:48,,93594
Arduino2to3/2-2/2-2-2-w.jpg,2-2-2-w.jpg,08/10/2019 20:27:47,https://drive.google.com/file/d/1YAuOYNrpdZ_6Il2UcQrMrDdzqrl75J55/view?usp=drivesdk,08/10/2019 20:27:47,,215044
Arduino2to3/2-1,2-1,08/10/2019 19:54:57,https://drive.google.com/drive/folders/11EA0UftpJwU7Tgw8kY9ooNWMMWZLXCQQ,08/10/2019 19:54:57,,0
Arduino2to3/2-1/2-1-2-m.jpg,2-1-2-m.jpg,08/10/2019 20:14:20,https://drive.google.com/file/d/1iuVHRzDyFLh4bBB1KajsfrPoA5kRtU_8/view?usp=drivesdk,08/10/2019 20:14:20,,31381
Arduino2to3/2-1/2-1-1-m.jpg,2-1-1-m.jpg,08/10/2019 20:14:19,https://drive.google.com/file/d/1E9zQMUrJeVBapBKUQ886ZL3RPlTUGMTt/view?usp=drivesdk,08/10/2019 20:14:19,,138116
Arduino2to3/2-1/2-1-1.jpg,2-1-1.jpg,08/10/2019 19:57:11,https://drive.google.com/file/d/15btkooVxTevUiMLhJxBOOzN9SxQkxdc7/view?usp=drivesdk,08/10/2019 19:57:11,,127254
Arduino2to3/2-1/2-1-2.jpg,2-1-2.jpg,08/10/2019 19:57:10,https://drive.google.com/file/d/1t8MuaeEyDu_nAqYJx2j7QTolabRqNXoC/view?usp=drivesdk,08/10/2019 19:57:10,,36115
Arduino2to3/5-4,5-4,08/10/2019 11:31:31,https://drive.google.com/drive/folders/14_Wft3HImTNz2PkOkLSRp25Q1PB98DxJ,08/10/2019 11:31:31,,0
Arduino2to3/5-4/5-4-2.png,5-4-2.png,08/10/2019 11:31:42,https://drive.google.com/file/d/1bZCkHRHPoZTAECNWiJ-VW0QjfMFUJ3FT/view?usp=drivesdk,08/10/2019 11:31:42,,264197
Arduino2to3/5-4/5-4-1.png,5-4-1.png,08/10/2019 11:31:40,https://drive.google.com/file/d/1kzGEnOP3nvMtBrE2zznPowIsWU9vX2Iu/view?usp=drivesdk,08/10/2019 11:31:40,,61447
Arduino2to3/5-3,5-3,08/10/2019 11:21:09,https://drive.google.com/drive/folders/1L7ag0oTWV3m9PFEnrj8jlFxXEosnc8uR,08/10/2019 11:21:09,,0
Arduino2to3/5-3/5-3-1.png,5-3-1.png,08/10/2019 11:21:23,https://drive.google.com/file/d/1jD11yea3n4Aze5NoEEHdXPTEzqkkrmGK/view?usp=drivesdk,08/10/2019 11:21:23,,128634
Arduino2to3/5-2,5-2,08/10/2019 11:06:11,https://drive.google.com/drive/folders/1zsGjAbQYm9lyIF5DisKLlr3iDgfRKtc_,08/10/2019 11:06:11,,0
Arduino2to3/5-2/5-2-4.png,5-2-4.png,08/10/2019 11:12:13,https://drive.google.com/file/d/18DuV13AOnBy_-J8ftqusfgdgSunmIUK4/view?usp=drivesdk,08/10/2019 11:12:13,,137952
Arduino2to3/5-2/5-2-2.png,5-2-2.png,08/10/2019 11:06:21,https://drive.google.com/file/d/1XBEMOmYGrKOTr_TZI9chzXsSbXjSELZp/view?usp=drivesdk,08/10/2019 11:10:41,,423907
Arduino2to3/5-2/5-2-1.png,5-2-1.png,08/10/2019 11:06:22,https://drive.google.com/file/d/1NZuZaGDEaPIUu9s2rZYzasTJhGr1t4wS/view?usp=drivesdk,08/10/2019 11:10:38,,13484
Arduino2to3/5-2/5-2-3.png,5-2-3.png,08/10/2019 11:06:21,https://drive.google.com/file/d/1qIg4V1xInSr5MI3IPOYBkT7oKqup7lBl/view?usp=drivesdk,08/10/2019 11:10:36,,137952
Arduino2to3/5-1,5-1,08/10/2019 10:47:15,https://drive.google.com/drive/folders/1Y7cxre4I03Pf4ylWtahOnvksWNre7pSE,08/10/2019 10:47:15,,0
Arduino2to3/5-1/5-1-3.png,5-1-3.png,08/10/2019 10:53:25,https://drive.google.com/file/d/1IPF3reOJ-jmiFFkw-a3lnYSSEm49F9Hl/view?usp=drivesdk,08/10/2019 10:53:25,,28076
Arduino2to3/5-1/5-1-2.png,5-1-2.png,08/10/2019 10:47:28,https://drive.google.com/file/d/1AyN1YH7hhlr82ogfEZo6if2G9JyG8oqg/view?usp=drivesdk,08/10/2019 10:47:28,,444090
Arduino2to3/5-1/5-1-1.png,5-1-1.png,08/10/2019 10:47:25,https://drive.google.com/file/d/1hOTNviedlfDdrWrXwZT1Z9VkBMtGN1pS/view?usp=drivesdk,08/10/2019 10:47:25,,744122
Arduino2to3/4-4,4-4,07/10/2019 21:01:46,https://drive.google.com/drive/folders/1f47fHnROWY6CNLkVMYN2KBz2XfnoicD5,07/10/2019 21:01:46,,0
Arduino2to3/4-4/4-4-1.png,4-4-1.png,07/10/2019 21:02:03,https://drive.google.com/file/d/1nPgtthsShDhWiMRh-7IT31PLg9ipE28O/view?usp=drivesdk,07/10/2019 21:02:03,,261754
Arduino2to3/4-2,4-2,07/10/2019 20:29:25,https://drive.google.com/drive/folders/1dNZl9ic6gtCy2Sj5Ooc5hP_N9AomkXdT,07/10/2019 20:29:25,,0
Arduino2to3/4-2/4-2-4.png,4-2-4.png,07/10/2019 20:52:04,https://drive.google.com/file/d/1MbJUJMyG_nEdZcoKMpPuFAl3MREYBZL2/view?usp=drivesdk,07/10/2019 20:52:04,,192214
Arduino2to3/4-2/4-2-3.png,4-2-3.png,07/10/2019 20:35:42,https://drive.google.com/file/d/1sNlXRfglurKwYmnuply8AvNguZy-QD_q/view?usp=drivesdk,07/10/2019 20:35:42,,190484
Arduino2to3/4-2/4-2-2.png,4-2-2.png,07/10/2019 20:35:31,https://drive.google.com/file/d/1tgW2RI46ToP6MgmuTcnVgQsw8O-R0WtJ/view?usp=drivesdk,07/10/2019 20:35:31,,170076
Arduino2to3/4-2/4-2-1.png,4-2-1.png,07/10/2019 20:29:45,https://drive.google.com/file/d/1EwTy3wU8yPDN9gW81vQOG_XIVaALU3Ha/view?usp=drivesdk,07/10/2019 20:29:45,,921837
Arduino2to3/4-1,4-1,07/10/2019 20:08:20,https://drive.google.com/drive/folders/1N15D9jyRvoU201EaTZC9nkFxGNa3_fI4,07/10/2019 20:08:20,,0
Arduino2to3/4-1/4-1-2.png,4-1-2.png,07/10/2019 20:08:33,https://drive.google.com/file/d/1zfmmsNUm1bmm-WZe3Gfv4qLcwZC9n936/view?usp=drivesdk,07/10/2019 20:08:33,,353662
Arduino2to3/4-1/4-1-1.png,4-1-1.png,07/10/2019 20:08:30,https://drive.google.com/file/d/19BLcmIIxVhYClq75733BfFfozcqXr0Ep/view?usp=drivesdk,07/10/2019 20:08:30,,10444
Arduino2to3/4-1/4-1-3.png,4-1-3.png,07/10/2019 20:08:29,https://drive.google.com/file/d/1Tn4q7zK6kcWO_iEgpHuaOQwsbC59eIE2/view?usp=drivesdk,07/10/2019 20:08:29,,170076
Arduino2to3/3-3,3-3,07/10/2019 19:37:21,https://drive.google.com/drive/folders/1_FTs2J8gKpNUEBYDi6rWOsewrJS52Ccg,07/10/2019 19:37:21,,0
Arduino2to3/3-3/3-3-1.png,3-3-1.png,07/10/2019 19:37:28,https://drive.google.com/file/d/1H-9EE4bzr5ExHJ30KDzv_cxBEj6umJns/view?usp=drivesdk,07/10/2019 19:37:28,,94537
Arduino2to3/3-3/3-3-2.png,3-3-2.png,07/10/2019 19:37:27,https://drive.google.com/file/d/1KypIrvBcCFkCHZfzo2gOfuuJNu6Rzt89/view?usp=drivesdk,07/10/2019 19:37:27,,78964
Arduino2to3/3-2,3-2,07/10/2019 18:11:14,https://drive.google.com/drive/folders/1nK8PIbSn02QhZVWzmWdtOO2l03iTAY9X,07/10/2019 18:11:14,,0
Arduino2to3/3-2/scratchblocks (20).png,scratchblocks (20).png,07/10/2019 19:31:18,https://drive.google.com/file/d/1gFgfZn6cEAKixmJeUh5R5Y_vqGVx0Fcg/view?usp=drivesdk,07/10/2019 19:31:18,,82487
Arduino2to3/3-2/3-2-3.png,3-2-3.png,07/10/2019 19:24:02,https://drive.google.com/file/d/1jNwVOPbCHX9PYuVLmjqLrEf-CR1I2ZwX/view?usp=drivesdk,07/10/2019 19:24:02,,417476
Arduino2to3/3-2/3-2-2.png,3-2-2.png,07/10/2019 19:20:02,https://drive.google.com/file/d/10mGASH3zFeYN5Dsuyg04JXWOl7Coat8n/view?usp=drivesdk,07/10/2019 19:20:02,,63292
Arduino2to3/3-2/3-2-1.png,3-2-1.png,07/10/2019 18:11:30,https://drive.google.com/file/d/1_62tDKAj6Jr5usNZqziFXBRvzRJvyNKc/view?usp=drivesdk,07/10/2019 18:11:30,,301705
Arduino2to3/3-1,3-1,07/10/2019 17:53:28,https://drive.google.com/drive/folders/1NpsX_KjU5vduEGLHqd7zLk40O2I6Xh4r,07/10/2019 17:53:28,,0
Arduino2to3/3-1/3-1-1.jpg,3-1-1.jpg,07/10/2019 17:53:36,https://drive.google.com/file/d/1CgWZaoHwqTFBNojKfLdwyXActu_Z9AMk/view?usp=drivesdk,07/10/2019 17:53:36,,6642
Arduino2to3/3-1/3-1-3.jpg,3-1-3.jpg,07/10/2019 17:53:35,https://drive.google.com/file/d/1JYuYs6XnqpGbBM98tVaZt1mm7D485W5-/view?usp=drivesdk,07/10/2019 17:53:35,,40515
Arduino2to3/3-1/3-1-2.jpg,3-1-2.jpg,07/10/2019 17:53:35,https://drive.google.com/file/d/1FQcTHr4cjdpUgUepfqH2zaMvNhCzAtek/view?usp=drivesdk,07/10/2019 17:53:35,,10107
Arduino2to3/1-3,1-3,07/10/2019 12:29:44,https://drive.google.com/drive/folders/1Kg0BLMufr6AplxEa3F71KucgRrm0jm0Y,07/10/2019 12:29:44,,0
Arduino2to3/1-3/紅綠燈去背.png,紅綠燈去背.png,27/10/2019 21:37:12,https://drive.google.com/file/d/1RBiml6gO1on0FE3xtmY3VCwylGoiyyRS/view?usp=drivesdk,27/10/2019 21:37:12,,137952
Arduino2to3/1-3/1-3-8.png,1-3-8.png,07/10/2019 17:32:08,https://drive.google.com/file/d/1XRBLCobf2kD1M0wWnSb-jPgyUZTnrJkZ/view?usp=drivesdk,07/10/2019 17:32:08,,170076
Arduino2to3/1-3/1-3-9.png,1-3-9.png,07/10/2019 17:32:07,https://drive.google.com/file/d/1XLqL_-Zd_1LBgj9CvIElYXlMg_jNwf6G/view?usp=drivesdk,07/10/2019 17:32:07,,101441
Arduino2to3/1-3/1-3-7.png,1-3-7.png,07/10/2019 17:32:06,https://drive.google.com/file/d/1p3ihbT9lCb57kLsC_fg7NlPPNtwbE_X2/view?usp=drivesdk,07/10/2019 17:32:06,,72681
Arduino2to3/1-3/1-3-6.png,1-3-6.png,07/10/2019 17:22:39,https://drive.google.com/file/d/1JCK1bc7Mlpuh_--rzIqBVaoDZ20Y19w1/view?usp=drivesdk,07/10/2019 17:22:39,,71825
Arduino2to3/1-3/1-3-5.png,1-3-5.png,07/10/2019 17:22:39,https://drive.google.com/file/d/17YzFE75vek5uwYV03ylAmdgwykV1wv36/view?usp=drivesdk,07/10/2019 17:22:39,,69244
Arduino2to3/1-3/1-3-3.png,1-3-3.png,07/10/2019 12:22:19,https://drive.google.com/file/d/1elObrwj-Tm_6-Ker-aN3K9ykj7OWLkF1/view?usp=drivesdk,07/10/2019 12:22:19,,505004
Arduino2to3/1-3/1-3-4.png,1-3-4.png,07/10/2019 12:22:16,https://drive.google.com/file/d/1NHd3t2ZAYmnrCIm9LZ0xzm93zBUAE2Ax/view?usp=drivesdk,07/10/2019 12:22:16,,504092
Arduino2to3/1-3/1-3-2.png,1-3-2.png,07/10/2019 12:22:13,https://drive.google.com/file/d/1Tjh-KfpO66ZKpFU0g_p81haHoE0Y7b5J/view?usp=drivesdk,07/10/2019 12:22:13,,415928
Arduino2to3/1-3/1-3-1.png,1-3-1.png,07/10/2019 12:22:12,https://drive.google.com/file/d/181W9jU1vhVoQ3rS2z3DreE-XRDd60iza/view?usp=drivesdk,07/10/2019 12:22:12,,68961